birdsEUPopulation(Dataset1);;;;;;;;
speciescode;speciesname;keywintering;distribution_surface_area;population_minimum_size;population_maximum_size;CRd_list_cat;red_list_cat_prev;taxFamily_en
A001;Gavia stellata;N;392000;3000;4800;LC;LC;Loons/divers
A002;Gavia arctica;N;634000;14800;19500;LC;LC;Loons/divers
A003;Gavia immer;Y;-1;6900;7700;LC;VU;Loons/divers
A004;Tachybaptus ruficollis;N;1370000;71700;126000;LC;LC;Grebes
A005;Podiceps cristatus;N;1310000;183000;263000;LC;LC;Grebes
A006;Podiceps grisegena;N;342000;7600;12100;VU;LC;Grebes
A007;Podiceps auritus;N;453000;4400;5700;VU;VU;Grebes
A008;Podiceps nigricollis;N;106000;8600;14700;LC;LC;Grebes
A009;Fulmarus glacialis;N;70800;228000;715000;EN;VU;Petrels and shearwaters
A013;Puffinus puffinus;N;4700;315000;359000;LC;LC;Petrels and shearwaters
A014;Hydrobates pelagicus;N;25800;135000;154000;LC;LC;Northern storm-petrels
A016;Morus bassanus;N;2600;360000;361000;LC;LC;Gannets
A017;Phalacrocorax carbo;N;437000;222000;267000;LC;LC;Cormorants
A018;Phalacrocorax aristotelis;N;143000;35400;44400;LC;NT;Cormorants
A019;Pelecanus onocrotalus;N;800;4700;5800;LC;LC;Pelicans
A020;Pelecanus crispus;N;4600;2200;2700;LC;LC;Pelicans
A021;Botaurus stellaris;N;391000;11200;19100;LC;LC;Herons
A022;Ixobrychus minutus;N;260000;20700;36500;LC;LC;Herons
A023;Nycticorax nycticorax;N;151000;25900;36100;LC;LC;Herons
A024;Ardeola ralloides;N;56600;6300;10600;LC;LC;Herons
A025;Bubulcus ibis;N;129000;64300;77700;LC;LC;Herons
A026;Egretta garzetta;N;230000;39100;48000;LC;LC;Herons
A028;Ardea cinerea;N;1230000;127000;150000;LC;LC;Herons
A029;Ardea purpurea;N;125000;10700;12800;LC;LC;Herons
A030;Ciconia nigra;N;450000;5800;8500;LC;LC;Storks
A031;Ciconia ciconia;N;1010000;156000;168000;LC;LC;Storks
A032;Plegadis falcinellus;N;14200;11200;32000;LC;LC;Ibises and spoonbills
A034;Platalea leucorodia;N;38500;8400;12000;LC;LC;Ibises and spoonbills
A036;Cygnus olor;N;1160000;66100;93600;LC;LC;Ducks, geese and swans
A037;Cygnus columbianus bewickii;Y;-1;17200;24100;VU;VU;Ducks, geese and swans
A038;Cygnus cygnus;N;807000;16800;23700;LC;LC;Ducks, geese and swans
A039;Anser fabalis;N;102000;1200;3100;VU;LC;Ducks, geese and swans
A040;Anser brachyrhynchus;Y;-1;555000;566000;LC;LC;Ducks, geese and swans
A040-A;Anser brachyrhynchus;Y;-1;44800;55300;LC;LC;Ducks, geese and swans
A040-B;Anser brachyrhynchus;Y;-1;510000;511000;LC;LC;Ducks, geese and swans
A041;Anser albifrons;Y;-1;1570000;2350000;LC;LC;Ducks, geese and swans
A042;Anser erythropus;N;2500;15;30;CR;CR;Ducks, geese and swans
A043;Anser anser;N;817000;223000;321000;LC;LC;Ducks, geese and swans
A044-X;Branta canadensis;N;789000;91300;109000;EN;EN;Ducks, geese and swans
A045;Branta leucopsis;N;91800;29700;38900;LC;LC;Ducks, geese and swans
A046;Branta bernicla;Y;-1;298000;337000;LC;LC;Ducks, geese and swans
A048;Tadorna tadorna;N;460000;34300;45800;LC;LC;Ducks, geese and swans
A052;Anas crecca;N;1160000;234000;367000;LC;LC;Ducks, geese and swans
A053;Anas platyrhynchos;N;3130000;1850000;3020000;LC;LC;Ducks, geese and swans
A054;Anas acuta;N;205000;4500;18800;EN;VU;Ducks, geese and swans
A057;Marmaronetta angustirostris;N;6200;70;80;EN;CR;Ducks, geese and swans
A058;Netta rufina;N;124000;11600;15500;LC;LC;Ducks, geese and swans
A059;Aythya ferina;N;383000;46100;71400;VU;VU;Ducks, geese and swans
A060;Aythya nyroca;N;42600;14100;22700;LC;LC;Ducks, geese and swans
A061;Aythya fuligula;N;1260000;166000;288000;VU;LC;Ducks, geese and swans
A062;Aythya marila;N;88800;1000;1500;EN;VU;Ducks, geese and swans
A063;Somateria mollissima;N;169000;176000;296000;VU;EN;Ducks, geese and swans
A064;Clangula hyemalis;Y;-1;1160000;2130000;LC;VU;Ducks, geese and swans
A066;Melanitta fusca;N;196000;11000;24000;VU;VU;Ducks, geese and swans
A067;Bucephala clangula;N;913000;187000;241000;LC;LC;Ducks, geese and swans
A069;Mergus serrator;N;561000;44600;73900;NT;VU;Ducks, geese and swans
A070;Mergus merganser;N;893000;62900;105000;LC;LC;Ducks, geese and swans
A071;Oxyura leucocephala;N;8700;250;310;VU;VU;Ducks, geese and swans
A072;Pernis apivorus;N;1640000;38800;61500;LC;LC;Hawks and eagles
A073;Milvus migrans;N;942000;51300;63500;LC;LC;Hawks and eagles
A074;Milvus milvus;N;729000;29700;34800;LC;NT;Hawks and eagles
A075;Haliaeetus albicilla;N;633000;4800;6300;LC;LC;Hawks and eagles
A076;Gypaetus barbatus;N;33600;220;250;VU;VU;Hawks and eagles
A077;Neophron percnopterus;N;111000;1700;1900;VU;VU;Hawks and eagles
A078;Gyps fulvus;N;226000;33700;41900;LC;LC;Hawks and eagles
A079;Aegypius monachus;N;26200;2600;2700;LC;LC;Hawks and eagles
A080;Circaetus gallicus;N;661000;6300;9300;LC;LC;Hawks and eagles
A081;Circus aeruginosus;N;1090000;43900;65700;LC;LC;Hawks and eagles
A082;Circus cyaneus;N;544000;10500;15200;VU;LC;Hawks and eagles
A083;Circus macrourus;N;1500;10;50;EN;EN;Hawks and eagles
A084;Circus pygargus;N;445000;14200;20200;VU;LC;Hawks and eagles
A085;Accipiter gentilis;N;1899900;56500;95500;LC;LC;Hawks and eagles
A086;Accipiter nisus;N;2765700;198000;342000;LC;LC;Hawks and eagles
A087;Buteo buteo;N;3290000;551000;807000;LC;LC;Hawks and eagles
A088;Buteo lagopus;N;313000;1800;8200;VU;EN;Hawks and eagles
A091;Aquila chrysaetos;N;777000;5100;6100;LC;LC;Hawks and eagles
A092;Hieraaetus pennatus;N;358000;20300;23900;LC;LC;Hawks and eagles
A094;Pandion haliaetus;N;639000;6000;7800;LC;LC;Osprey
A095;Falco naumanni;N;260000;29000;32500;LC;LC;Falcons
A096;Falco tinnunculus;N;3160000;308000;477000;LC;LC;Falcons
A097;Falco vespertinus;N;19000;2500;4000;VU;VU;Falcons
A098;Falco columbarius;N;400000;6700;14400;VU;LC;Falcons
A099;Falco subbuteo;N;1770000;40600;74300;LC;LC;Falcons
A100;Falco eleonorae;N;42900;14100;14400;LC;LC;Falcons
A101;Falco biarmicus;N;82600;140;170;EN;VU;Falcons
A102;Falco rusticolus;N;99600;90;130;EN;VU;Falcons
A103;Falco peregrinus;N;1380000;10900;12800;LC;LC;Falcons
A104;Bonasa bonasia;N;921000;548000;927000;VU;LC;Pheasants, partridges and grouse
A105;Lagopus lagopus;N;471000;374000;762000;LC;VU;Pheasants, partridges and grouse
A108;Tetrao urogallus;N;790000;468000;1170000;LC;LC;Pheasants, partridges and grouse
A109;Alectoris graeca;N;199000;25500;37700;NT;VU;Pheasants, partridges and grouse
A110;Alectoris rufa;N;708000;4970000;6850000;NT;LC;Pheasants, partridges and grouse
A111;Alectoris barbara;N;34300;7700;20500;LC;LC;Pheasants, partridges and grouse
A112;Perdix perdix;N;1290000;767000;1320000;VU;LC;Pheasants, partridges and grouse
A113;Coturnix coturnix;N;1690000;1130000;2490000;LC;LC;Pheasants, partridges and grouse
A115;Phasianus colchicus;N;-1;50;100;EN;LC;Pheasants, partridges and grouse
A115-X;Phasianus colchicus;N;1750000;2500000;3480000;LC;LC;Pheasants, partridges and grouse
A118;Rallus aquaticus;N;901000;84100;197000;LC;LC;Rails, gallinules and coots
A119;Porzana porzana;N;331000;8900;21500;LC;LC;Rails, gallinules and coots
A122;Crex crex;N;731000;119000;277000;NT;LC;Rails, gallinules and coots
A123;Gallinula chloropus;N;1870000;672000;921000;LC;LC;Rails, gallinules and coots
A125;Fulica atra;N;1800000;560000;844000;LC;LC;Rails, gallinules and coots
A126;Fulica cristata;N;4700;21;45;CR;EN;Rails, gallinules and coots
A127;Grus grus;N;1000000;124000;169000;LC;LC;Cranes
A128;Tetrax tetrax;N;98600;69500;150000;EN;VU;Bustards
A129;Otis tarda;N;44200;32000;37300;LC;LC;Bustards
A130;Haematopus ostralegus;N;573000;175000;197000;VU;VU;Oystercatchers
A131;Himantopus himantopus;N;217000;23300;74600;LC;LC;Avocets and stilts
A132;Recurvirostra avosetta;N;142000;29800;54900;LC;LC;Avocets and stilts
A133;Burhinus oedicnemus;N;298000;55700;85000;LC;LC;Thick-knees
A134;Cursorius cursor;N;2300;1100;1200;NT;NT;Coursers and pratincoles
A135;Glareola pratincola;N;37000;4600;8300;NT;LC;Coursers and pratincoles
A136;Charadrius dubius;N;1230000;72500;105000;LC;LC;Plovers
A137;Charadrius hiaticula;N;384000;27300;40400;LC;LC;Plovers
A138;Charadrius alexandrinus;N;110000;6600;14000;LC;LC;Plovers
A140;Pluvialis apricaria;N;533000;207000;338000;LC;LC;Plovers
A141;Pluvialis squatarola;Y;-1;125000;150000;LC;LC;Plovers
A142;Vanellus vanellus;N;1950000;805000;1140000;VU;VU;Plovers
A143;Calidris canutus;Y;-1;403000;487000;LC;LC;Sandpipers, snipes and phalaropes
A144;Calidris alba;Y;-1;75100;99000;LC;LC;Sandpipers, snipes and phalaropes
A145;Calidris minuta;Y;-1;12800;21300;LC;LC;Sandpipers, snipes and phalaropes
A146;Calidris temminckii;N;83100;6600;9000;NT;LC;Sandpipers, snipes and phalaropes
A147;Calidris ferruginea;Y;-1;160;1600;VU;VU;Sandpipers, snipes and phalaropes
A148;Calidris maritima;Y;-1;14100;17300;NT;NT;Sandpipers, snipes and phalaropes
A149;Calidris alpina;N;146000;30500;50700;LC;LC;Sandpipers, snipes and phalaropes
A152;Lymnocryptes minimus;N;166000;8700;23400;LC;LC;Sandpipers, snipes and phalaropes
A153;Gallinago gallinago;N;1220000;422000;758000;LC;LC;Sandpipers, snipes and phalaropes
A154;Gallinago media;N;47500;2200;3800;VU;VU;Sandpipers, snipes and phalaropes
A155;Scolopax rusticola;N;1420000;706000;1460000;LC;LC;Sandpipers, snipes and phalaropes
A156;Limosa limosa;N;106000;37900;46700;EN;EN;Sandpipers, snipes and phalaropes
A157;Limosa lapponica;N;12300;1300;4500;LC;LC;Sandpipers, snipes and phalaropes
A158;Numenius phaeopus;N;402000;47100;67700;LC;LC;Sandpipers, snipes and phalaropes
A159;Numenius tenuirostris;Y;-1;0;0;CR;CR;Sandpipers, snipes and phalaropes
A160;Numenius arquata;N;886000;155000;173000;NT;VU;Sandpipers, snipes and phalaropes
A161;Tringa erythropus;N;160000;8900;24500;NT;NT;Sandpipers, snipes and phalaropes
A162;Tringa totanus;N;732000;92300;115000;VU;VU;Sandpipers, snipes and phalaropes
A163;Tringa stagnatilis;N;4900;40;110;VU;EN;Sandpipers, snipes and phalaropes
A164;Tringa nebularia;N;494000;68400;105000;LC;LC;Sandpipers, snipes and phalaropes
A165;Tringa ochropus;N;899000;217000;338000;LC;LC;Sandpipers, snipes and phalaropes
A166;Tringa glareola;N;573000;422000;563000;LC;LC;Sandpipers, snipes and phalaropes
A167;Xenus cinereus;N;800;5;8;CR;CR;Sandpipers, snipes and phalaropes
A168;Actitis hypoleucos;N;1290000;258000;390000;LC;NT;Sandpipers, snipes and phalaropes
A169;Arenaria interpres;N;50600;1400;3400;EN;EN;Sandpipers, snipes and phalaropes
A170;Phalaropus lobatus;N;96400;20000;36100;LC;LC;Sandpipers, snipes and phalaropes
A173;Stercorarius parasiticus;N;56100;1400;2900;EN;EN;Skuas
A174;Stercorarius longicaudus;N;90800;13600;28000;LC;LC;Skuas
A175;Catharacta skua;N;16500;9600;9700;LC;LC;Skuas
A176;Larus melanocephalus;N;51400;16700;25000;LC;LC;Gulls and terns
A179;Larus ridibundus;N;953000;811000;1080000;VU;LC;Gulls and terns
A180;Larus genei;N;7600;5400;8800;LC;LC;Gulls and terns
A181;Larus audouinii;N;36900;15600;20900;VU;LC;Gulls and terns
A182;Larus canus;N;978000;221000;318000;LC;LC;Gulls and terns
A183;Larus fuscus;N;328000;308000;338000;LC;LC;Gulls and terns
A184;Larus argentatus;N;657000;419000;479000;VU;VU;Gulls and terns
A185;Larus glaucoides;Y;-1;380;440;LC;EN;Gulls and terns
A186;Larus hyperboreus;Y;-1;250;330;LC;EN;Gulls and terns
A187;Larus marinus;N;242000;28100;45000;NT;LC;Gulls and terns
A188;Rissa tridactyla;N;31300;207000;294000;EN;EN;Gulls and terns
A189;Gelochelidon nilotica;N;30700;8000;9900;LC;LC;Gulls and terns
A192;Sterna dougallii;N;2000;2400;3100;LC;LC;Gulls and terns
A193;Sterna hirundo;N;882000;120000;190000;LC;LC;Gulls and terns
A194;Sterna paradisaea;N;430000;179000;283000;LC;LC;Gulls and terns
A197;Chlidonias niger;N;67600;11400;17600;LC;LC;Gulls and terns
A198;Chlidonias leucopterus;N;5700;600;6100;LC;LC;Gulls and terns
A199;Uria aalge;N;-1;1650000;1670000;LC;LC;Auks
A200;Alca torda;N;51400;262000;515000;LC;LC;Auks
A202;Cepphus grylle;N;94500;76000;93700;LC;VU;Auks
A203;Alle alle;Y;-1;0;30;EN;EN;Auks
A204;Fratercula arctica;N;16400;601000;602000;LC;NT;Auks
A205;Pterocles alchata;N;19000;7400;9000;LC;LC;Sandgrouse
A206;Columba livia;N;523000;2450000;4740000;LC;LC;Pigeons and doves
A206-X;Columba livia;N;1950000;10300000;18900000;LC;LC;Pigeons and doves
A207;Columba oenas;N;1450000;610000;972000;LC;LC;Pigeons and doves
A208;Columba palumbus;N;3530000;18900000;26000000;LC;LC;Pigeons and doves
A209;Streptopelia decaocto;N;2830000;5990000;14500000;LC;LC;Pigeons and doves
A210;Streptopelia turtur;N;2020000;1980000;3440000;NT;NT;Pigeons and doves
A211;Clamator glandarius;N;141000;144000;152000;VU;LC;Cuckoos
A212;Cuculus canorus;N;3580000;2240000;3650000;LC;LC;Cuckoos
A213;Tyto alba;N;1380000;75900;165000;LC;LC;Barn-owls
A214;Otus scops;N;746000;80900;139000;LC;LC;Typical owls
A215;Bubo bubo;N;1150000;12900;17900;LC;LC;Typical owls
A217;Glaucidium passerinum;N;771000;31000;69700;LC;LC;Typical owls
A218;Athene noctua;N;1350000;191000;299000;LC;LC;Typical owls
A219;Strix aluco;N;2240000;437000;638000;LC;LC;Typical owls
A220;Strix uralensis;N;498000;11900;21000;LC;LC;Typical owls
A221;Asio otus;N;1970000;128000;243000;LC;LC;Typical owls
A222;Asio flammeus;N;3990000;2100;21600;LC;LC;Typical owls
A223;Aegolius funereus;N;924000;17900;123000;LC;LC;Typical owls
A224;Caprimulgus europaeus;N;1230000;172000;325000;LC;LC;Nightjars
A225;Caprimulgus ruficollis;N;57200;101000;135000;NT;LC;Nightjars
A226;Apus apus;N;2980000;12400000;19700000;NT;LC;Swifts
A227;Apus pallidus;N;879000;161000;1100000;LC;LC;Swifts
A228;Tachymarptis melba;N;436000;202000;481000;LC;LC;Swifts
A229;Alcedo atthis;N;1580000;59200;157000;LC;VU;Kingfishers
A230;Merops apiaster;N;805000;3330000;4960000;LC;LC;Bee-eaters
A231;Coracias garrulus;N;275000;13200;22000;LC;LC;Rollers
A232;Upupa epops;N;1360000;1020000;2070000;LC;LC;Hoopoes
A233;Jynx torquilla;N;1800000;300000;591000;LC;LC;Woodpeckers
A234;Picus canus;N;1180000;84700;151000;LC;LC;Woodpeckers
A236;Dryocopus martius;N;1950000;193000;297000;LC;LC;Woodpeckers
A237;Dendrocopos major;N;3200000;4540000;6980000;LC;LC;Woodpeckers
A239;Dendrocopos leucotos;N;254000;28300;67400;LC;LC;Woodpeckers
A241;Picoides tridactylus;N;541000;41700;76100;LC;LC;Woodpeckers
A242;Melanocorypha calandra;N;288000;4230000;6800000;LC;VU;Larks
A243;Calandrella brachydactyla;N;298000;1090000;1710000;LC;LC;Larks
A244;Galerida cristata;N;1090000;14600000;18500000;LC;LC;Larks
A245;Galerida theklae;N;193000;1750000;2850000;LC;LC;Larks
A246;Lullula arborea;N;1760000;1580000;3040000;LC;LC;Larks
A247;Alauda arvensis;N;3040000;23300000;31700000;LC;LC;Larks
A248;Eremophila alpestris;N;15500;2200;4000;NT;NT;Larks
A249;Riparia riparia;N;1460000;1160000;2600000;LC;LC;Swallows and martins
A250;Ptyonoprogne rupestris;N;735000;131000;244000;LC;LC;Swallows and martins
A251;Hirundo rustica;N;3680000;18100000;27500000;LC;LC;Swallows and martins
A255;Anthus campestris;N;8060000;550000;986000;LC;LC;Wagtails and pipits
A256;Anthus trivialis;N;2620000;6900000;11700000;LC;LC;Wagtails and pipits
A257;Anthus pratensis;N;1620000;4940000;7230000;LC;VU;Wagtails and pipits
A258;Anthus cervinus;N;7200;880;1800;EN;LC;Wagtails and pipits
A259;Anthus spinoletta;N;187000;383000;718000;LC;LC;Wagtails and pipits
A260;Motacilla flava;N;2060000;4950000;7540000;LC;LC;Wagtails and pipits
A261;Motacilla cinerea;N;2150000;906000;1790000;LC;LC;Wagtails and pipits
A262;Motacilla alba;N;3610000;6320000;9580000;LC;LC;Wagtails and pipits
A263;Bombycilla garrulus;N;372000;150000;265000;LC;LC;Waxwings
A264;Cinclus cinclus;N;1220000;80800;155000;LC;LC;Dippers
A265;Troglodytes troglodytes;N;3300000;29700000;48400000;LC;LC;Wrens
A266;Prunella modularis;N;2460000;9410000;15400000;LC;LC;Accentors
A267;Prunella collaris;N;133000;48400;84100;LC;LC;Accentors
A268;Cercotrichas galactotes;N;176000;102000;272000;LC;LC;Chats and flycatchers
A269;Erithacus rubecula;N;3510000;36400000;54800000;LC;LC;Chats and flycatchers
A270;Luscinia luscinia;N;537000;447000;698000;VU;LC;Chats and flycatchers
A271;Luscinia megarhynchos;N;1800000;8750000;12700000;LC;LC;Chats and flycatchers
A273;Phoenicurus ochruros;N;2040000;4360000;6940000;LC;LC;Chats and flycatchers
A274;Phoenicurus phoenicurus;N;2270000;2210000;3920000;LC;LC;Chats and flycatchers
A275;Saxicola rubetra;N;1530000;1950000;3020000;VU;LC;Chats and flycatchers
A276;Saxicola torquatus;N;2130000;4890000;7500000;LC;LC;Chats and flycatchers
A277;Oenanthe oenanthe;N;1870000;1880000;3680000;NT;LC;Chats and flycatchers
A278;Oenanthe hispanica;N;371000;451000;1190000;LC;LC;Chats and flycatchers
A279;Oenanthe leucura;N;49600;4000;16100;LC;VU;Chats and flycatchers
A280;Monticola saxatilis;N;191000;21300;38300;LC;LC;Chats and flycatchers
A281;Monticola solitarius;N;434000;43300;89300;LC;LC;Chats and flycatchers
A282;Turdus torquatus;N;310000;135000;210000;LC;LC;Thrushes
A283;Turdus merula;N;3790000;47800000;71400000;LC;LC;Thrushes
A284;Turdus pilaris;N;1480000;3410000;5150000;LC;VU;Thrushes
A285;Turdus philomelos;N;3100000;12200000;20500000;LC;LC;Thrushes
A286;Turdus iliacus;N;898000;1960000;2370000;LC;VU;Thrushes
A287;Turdus viscivorus;N;3780000;2320000;4370000;LC;LC;Thrushes
A288;Cettia cetti;N;749000;1790000;2710000;LC;LC;Warblers
A289;Cisticola juncidis;N;744000;1130000;1830000;LC;LC;Cisticolas
A290;Locustella naevia;N;1140000;318000;564000;VU;LC;Warblers
A291;Locustella fluviatilis;N;469000;153000;288000;VU;VU;Warblers
A292;Locustella luscinioides;N;314000;142000;225000;LC;LC;Warblers
A293;Acrocephalus melanopogon;N;25900;8500;15200;LC;LC;Warblers
A294;Acrocephalus paludicola;N;4100;3200;4800;NT;VU;Warblers
A295;Acrocephalus schoenobaenus;N;1360000;1430000;2160000;LC;LC;Warblers
A296;Acrocephalus palustris;N;1380000;1900000;2880000;LC;LC;Warblers
A297;Acrocephalus scirpaceus;N;1430000;1410000;2420000;LC;LC;Warblers
A298;Acrocephalus arundinaceus;N;744000;775000;1270000;LC;LC;Warblers
A299;Hippolais icterina;N;1130000;1030000;1520000;LC;LC;Warblers
A300;Hippolais polyglotta;N;867000;2130000;3540000;LC;LC;Warblers
A302;Sylvia undata;N;356000;597000;1430000;NT;NT;Warblers
A303;Sylvia conspicillata;N;128000;163000;445000;LC;LC;Warblers
A304;Sylvia cantillans;N;556000;3490000;5230000;LC;LC;Warblers
A305;Sylvia melanocephala;N;813000;6920000;13700000;LC;LC;Warblers
A307;Sylvia nisoria;N;360000;157000;228000;LC;LC;Warblers
A309;Sylvia communis;N;2680000;9170000;14700000;LC;LC;Warblers
A310;Sylvia borin;N;2230000;4810000;8170000;LC;LC;Warblers
A311;Sylvia atricapilla;N;3360000;32800000;51100000;LC;LC;Warblers
A314;Phylloscopus sibilatrix;N;1780000;3060000;4590000;LC;LC;Warblers
A316;Phylloscopus trochilus;N;2280000;24600000;41500000;LC;LC;Warblers
A317;Regulus regulus;N;2340000;10600000;17100000;LC;NT;Goldcrests
A318;Regulus ignicapilla;N;1530000;4440000;7780000;LC;LC;Goldcrests
A319;Muscicapa striata;N;2880000;4290000;8050000;LC;LC;Chats and flycatchers
A320;Ficedula parva;N;497000;217000;540000;LC;LC;Chats and flycatchers
A321;Ficedula albicollis;N;405000;843000;2130000;LC;LC;Chats and flycatchers
A322;Ficedula hypoleuca;N;1460000;2220000;3080000;LC;LC;Chats and flycatchers
A323;Panurus biarmicus;N;200000;104000;164000;LC;LC;Parrotbills
A324;Aegithalos caudatus;N;2920000;5860000;9310000;LC;LC;Long-tailed tits
A330;Parus major;N;4090000;45200000;69300000;LC;LC;Tits
A331;Sitta whiteheadi;N;2400;1500;2200;VU;VU;Nuthatches and wallcreeper
A332;Sitta europaea;N;2710000;6770000;12600000;LC;LC;Nuthatches and wallcreeper
A333;Tichodroma muraria;N;76700;5600;11700;LC;LC;Nuthatches and wallcreeper
A334;Certhia familiaris;N;2040000;3590000;6060000;LC;LC;Treecreepers
A335;Certhia brachydactyla;N;1730000;4770000;7700000;LC;LC;Treecreepers
A336;Remiz pendulinus;N;397000;110000;181000;LC;LC;Penduline-tits
A337;Oriolus oriolus;N;1780000;1970000;3060000;LC;LC;Orioles
A338;Lanius collurio;N;2600000;3780000;6990000;LC;LC;Shrikes
A339;Lanius minor;N;486000;82800;167000;LC;LC;Shrikes
A340;Lanius excubitor;N;576000;54500;122000;VU;VU;Shrikes
A341;Lanius senator;N;597000;1890000;2990000;NT;LC;Shrikes
A342;Garrulus glandarius;N;3220000;4130000;7080000;LC;LC;Crows and jays
A343;Pica pica;N;3540000;6900000;10800000;LC;LC;Crows and jays
A344;Nucifraga caryocatactes;N;658000;133000;284000;LC;LC;Crows and jays
A345;Pyrrhocorax graculus;N;143000;41700;84600;LC;LC;Crows and jays
A346;Pyrrhocorax pyrrhocorax;N;260000;22600;25800;LC;LC;Crows and jays
A347;Corvus monedula;N;2300000;5440000;9460000;LC;LC;Crows and jays
A348;Corvus frugilegus;N;822000;2770000;5330000;LC;LC;Crows and jays
A349;Corvus corone;N;3700000;5220000;8030000;LC;LC;Crows and jays
A350;Corvus corax;N;3040000;291000;554000;LC;LC;Crows and jays
A351;Sturnus vulgaris;N;3050000;18200000;31900000;LC;LC;Starlings
A352;Sturnus unicolor;N;487000;23800000;30700000;LC;LC;Starlings
A355;Passer hispaniolensis;N;398000;2330000;6570000;LC;LC;Sparrows, snowfinches and allies
A356;Passer montanus;N;2770000;11600000;18100000;LC;LC;Sparrows, snowfinches and allies
A357;Petronia petronia;N;400000;1330000;2180000;LC;LC;Sparrows, snowfinches and allies
A358;Montifringilla nivalis;N;85700;15900;28900;LC;LC;Sparrows, snowfinches and allies
A359;Fringilla coelebs;N;-1;82300000;121000000;LC;LC;Finches
A360;Fringilla montifringilla;N;457000;2330000;4480000;LC;VU;Finches
A361;Serinus serinus;N;1990000;16700000;25300000;LC;LC;Finches
A363;Chloris chloris;N;3640000;15900000;22200000;LC;LC;Finches
A364;Carduelis carduelis;N;3280000;23300000;33600000;LC;LC;Finches
A369;Loxia curvirostra;N;1530000;889000;2910000;LC;LC;Finches
A370;Loxia pytyopsittacus;N;545000;105000;254000;LC;LC;Finches
A371;Carpodacus erythrinus;N;618000;368000;587000;NT;VU;Finches
A372;Pyrrhula pyrrhula;N;2130000;2250000;3990000;LC;LC;Finches
A373;Coccothraustes coccothraustes;N;1910000;2150000;3720000;LC;LC;Finches
A374;Calcarius lapponicus;N;88300;163000;358000;VU;NT;Buntings
A375;Plectrophenax nivalis;N;47800;19000;43100;LC;LC;Buntings
A376;Emberiza citrinella;N;2590000;12700000;17600000;LC;LC;Buntings
A377;Emberiza cirlus;N;1120000;2340000;4280000;LC;LC;Buntings
A378;Emberiza cia;N;494000;1570000;2890000;LC;LC;Buntings
A379;Emberiza hortulana;N;671000;659000;1430000;NT;LC;Buntings
A380;Emberiza pusilla;N;40600;12600;33200;LC;LC;Buntings
A381;Emberiza schoeniclus;N;2030000;1730000;2760000;LC;LC;Buntings
A382;Emberiza melanocephala;N;355000;219000;543000;LC;LC;Buntings
A383;Emberiza calandra;N;1600000;14800000;20800000;LC;LC;Buntings
A385;Pterodroma madeira;N;200;60;80;EN;EN;Petrels and shearwaters
A387;Bulweria bulwerii;N;3800;46000;51100;LC;LC;Petrels and shearwaters
A389;Pelagodroma marina;N;300;77800;111000;EN;EN;Northern storm-petrels
A392;Phalacrocorax aristotelis desmarestii;N;71800;7400;9200;LC;LC;Cormorants
A394;Anser albifrons albifrons;Y;-1;1550000;2330000;LC;EN;Ducks, geese and swans
A395;Anser albifrons flavirostris;Y;-1;20400;20500;VU;VU;Ducks, geese and swans
A396;Branta ruficollis;Y;-1;11800;71800;VU;NT;Ducks, geese and swans
A397;Tadorna ferruginea;N;16800;210;340;NT;NT;Ducks, geese and swans
A399;Elanus caeruleus;N;71100;1300;2800;LC;LC;Hawks and eagles
A400;Accipiter gentilis arrigonii;N;9900;140;170;VU;VU;Hawks and eagles
A401;Accipiter nisus granti;N;5700;500;900;NT;NT;Hawks and eagles
A402;Accipiter brevipes;N;156000;1700;3400;LC;LC;Hawks and eagles
A403;Buteo rufinus;N;137000;1100;2100;LC;LC;Hawks and eagles
A404;Aquila heliaca;N;30300;270;380;NT;NT;Hawks and eagles
A405;Aquila adalberti;N;44400;530;540;VU;VU;Hawks and eagles
A411;Alectoris chukar;N;103000;260000;374000;LC;LC;Pheasants, partridges and grouse
A413;Alectoris graeca whitakeri;N;13500;1500;1500;LC;EN;Pheasants, partridges and grouse
A414;Perdix perdix italica;N;-1;0;0;EX;EX;Pheasants, partridges and grouse
A415;Perdix perdix hispaniensis;N;15200;5200;22300;NT;NT;Pheasants, partridges and grouse
A416;Chlamydotis undulata;N;1800;610;620;VU;NT;Bustards
A419;Uria aalge ibericus;N;200;0;7;CR;CR;Auks
A420;Pterocles orientalis;N;31000;1700;4200;EN;EN;Sandgrouse
A421;Columba palumbus azorica;N;7300;42100;137000;LC;CR;Pigeons and doves
A422;Columba bollii;N;2100;2500;10000;LC;LC;Pigeons and doves
A423;Columba junoniae;N;2900;1000;2500;NT;NT;Pigeons and doves
A424;Apus caffer;N;8200;250;350;NT;NT;Swifts
A425;Apus unicolor;N;11000;7500;20000;LC;LC;Swifts
A427;Dendrocopos major canariensis;N;1200;200;200;VU;VU;Woodpeckers
A428;Dendrocopos major thanneri;N;800;1000;1000;LC;NT;Woodpeckers
A429;Dendrocopos syriacus;N;531000;60000;129000;LC;LC;Woodpeckers
A430;Chersophilus duponti;N;24800;2300;2400;VU;VU;Larks
A432;Anthus berthelotii;N;13500;30000;150000;LC;LC;Wagtails and pipits
A433;Lanius nubicus;N;53400;5200;14200;LC;LC;Shrikes
A434;Troglodytes troglodytes fridariensis;N;100;38;38;EN;CR;Wrens
A435;Oenanthe isabellina;N;57200;7000;25200;LC;LC;Chats and flycatchers
A437;Saxicola dacotiae;N;2500;13300;15500;NT;NT;Chats and flycatchers
A439;Hippolais olivetorum;N;117000;4700;9500;LC;LC;Warblers
A440;Sylvia ruppeli;N;21100;3000;10000;LC;LC;Warblers
A442;Ficedula semitorquata;N;66000;3500;7500;LC;LC;Chats and flycatchers
A444;Sitta krueperi;N;2000;540;660;NT;NT;Nuthatches and wallcreeper
A445;Sitta neumayer;N;69300;11200;31500;LC;LC;Nuthatches and wallcreeper
A446;Emberiza cineracea;N;3800;80;200;EN;VU;Buntings
A447;Emberiza caesia;N;181000;15000;40000;LC;LC;Buntings
A448;Fringilla coelebs ombriosa;N;500;1000;5000;NT;NT;Finches
A450;Serinus canaria;N;16900;1190000;2490000;LC;LC;Finches
A451;Loxia scotica;N;-1;4000;11400;LC;LC;Finches
A452;Bucanetes githagineus;N;6600;10300;20600;LC;LC;Finches
A453;Pyrrhula murina;N;700;250;850;VU;EN;Finches
A455;Columba trocaz;N;1300;10000;14000;LC;LC;Pigeons and doves
A456;Surnia ulula;N;336000;1400;21200;LC;LC;Typical owls
A457;Strix nebulosa;N;219000;690;1600;LC;LC;Typical owls
A459;Larus cachinnans;N;9000;5600;9600;LC;LC;Gulls and terns
A460-X;Meleagris gallopavo;N;-1;;;EN;EN;Pheasants, partridges and grouse
A461;Lagopus lagopus lagopus;N;365000;108000;495000;NT;EN;Pheasants, partridges and grouse
A463;Lagopus lagopus hibernica;N;17100;1900;2400;VU;VU;Pheasants, partridges and grouse
A464;Puffinus yelkouan;N;63900;23500;40400;VU;LC;Petrels and shearwaters
A466;Calidris alpina schinzii;N;58100;9000;11200;EN;EN;Sandpipers, snipes and phalaropes
A467;Oenanthe cypriaca;N;7500;50000;100000;LC;LC;Chats and flycatchers
A468;Sylvia melanothorax;N;7300;60000;90000;LC;LC;Warblers
A469;Certhia brachydactyla dorotheae;N;2100;4000;5300;LC;LC;Treecreepers
A471;Periparus ater cypriotes;N;2500;43000;79000;LC;LC;Tits
A472;Periparus ater all others;N;2350000;10900000;18600000;LC;EN;Tits
A473;Periparus ater;N;2350000;11000000;18700000;LC;LC;Tits
A474;Acanthis flammea;N;962000;875000;2090000;LC;LC;Finches
A475;Alaudala rufescens;N;15100;240000;281000;LC;LC;Larks
A476;Linaria cannabina;N;2820000;13900000;19100000;LC;LC;Finches
A477;Linaria flavirostris;N;59700;6000;10800;VU;VU;Finches
A478;Spinus spinus;N;1570000;2680000;4640000;LC;LC;Finches
A479;Cecropis daurica;N;539000;1370000;3190000;LC;LC;Swallows and martins
A480;Cyanecula svecica;N;367000;235000;484000;LC;LC;Chats and flycatchers
A481;Cyanopica cooki;N;139000;356000;896000;LC;LC;Crows and jays
A483;Cyanistes caeruleus s. str.;N;3530000;24900000;38800000;LC;LC;Tits
A484;Cyanistes teneriffae;N;8700;20300;101000;LC;EN;Tits
A485;Fringilla polatzeki;N;400;150;160;EN;EN;Finches
A486;Fringilla teydea s. str.;N;1300;1000;2500;NT;NT;Finches
A487;Iduna pallida s. str.;N;244000;168000;428000;LC;LC;Warblers
A488;Iduna opaca;N;13400;5000;5000;LC;LC;Warblers
A490;Poecile cinctus;N;174000;71800;196000;NT;VU;Tits
A491;Poecile lugubris;N;224000;26000;74100;LC;LC;Tits
A492;Poecile montanus;N;1650000;2050000;3550000;NT;VU;Tits
A493;Poecile palustris;N;1760000;2880000;5180000;LC;LC;Tits
A494;Pastor roseus;N;11000;1200;35000;LC;LC;Starlings
A496;Lanius meridionalis;N;160000;360000;607000;VU;EN;Shrikes
A497;Lophophanes cristatus;N;1930000;3490000;6000000;LC;LC;Tits
A498;Phylloscopus orientalis;N;55400;14000;37100;LC;EN;Warblers
A499;Phylloscopus bonelli s. str.;N;428000;2360000;3120000;LC;LC;Warblers
A500;Sylvia sarda s. str.;N;29400;60000;65000;LC;LC;Warblers
A506;Polysticta stelleri;Y;-1;800;1600;EN;EN;Ducks, geese and swans
A511;Falco cherrug;N;33800;210;280;EN;VU;Falcons
A515;Glareola nordmanni;N;-1;0;0;CR;CR;Coursers and pratincoles
A516;Charadrius leschenaultii;Y;-1;15;25;CR;CR;Plovers
A532;Oenanthe finschii;Y;-1;150;300;NT;EN;Chats and flycatchers
A533;Oenanthe pleschanka;N;1300;610;1200;LC;LC;Chats and flycatchers
A534;Tarsiger cyanurus;N;11800;750;5600;LC;LC;Chats and flycatchers
A540;Emberiza aureola;N;-1;0;0;CR;CR;Buntings
A542;Emberiza rustica;N;212000;167000;319000;LC;VU;Buntings
A544;Loxia leucoptera;N;137000;2200;56000;LC;LC;Finches
A545;Pinicola enucleator;N;127000;6800;22800;LC;LC;Finches
A548;Perisoreus infaustus;N;352000;70500;155000;LC;LC;Crows and jays
A569;Sylvia balearica;N;3100;14000;25000;LC;EN;Warblers
A570;Sylvia hortensis s. str.;N;100000;123000;246000;LC;LC;Warblers
A571;Sylvia crassirostris;N;203000;16000;62000;LC;EN;Warblers
A572;Phylloscopus collybita s. str.;N;2990000;21200000;32700000;LC;LC;Warblers
A573;Phylloscopus trochiloides s. str.;N;145000;41100;125000;LC;LC;Warblers
A574;Sylvia curruca;N;2250000;2440000;4040000;LC;LC;Warblers
A604;Larus michahellis;N;232000;382000;491000;LC;LC;Gulls and terns
A605;Phylloscopus borealis;N;3600;160;830;VU;VU;Warblers
A608;Motacilla citreola;N;10800;460;850;LC;LC;Wagtails and pipits
A613;Phylloscopus canariensis;N;7400;20000;100000;LC;LC;Warblers
A618;Phylloscopus ibericus;N;86300;462000;768000;LC;LC;Warblers
A620;Passer domesticus s. str.;N;2980000;109000000;144000000;LC;LC;Sparrows, snowfinches and allies
A621;Passer italiae;N;295000;2100000;3430000;VU;EN;Sparrows, snowfinches and allies
A623;Carduelis citrinella s. str.;N;73900;240000;263000;LC;LC;Finches
A629;Lagopus lagopus rossica;N;1700;10;21;CR;EN;Pheasants, partridges and grouse
A637;Certhia brachydactyla all others;N;1730000;4770000;7690000;LC;EN;Treecreepers
A644;Perdix perdix all others;N;1270000;762000;1290000;VU;EN;Pheasants, partridges and grouse
A652;Regulus madeirensis;N;1600;50000;100000;LC;LC;Goldcrests
A657;Fringilla coelebs all others;N;4630000;82300000;121000000;LC;EN;Finches
A658;Dendrocopos major all others;N;3200000;4540000;6980000;LC;EN;Woodpeckers
A663;Phoenicopterus roseus;N;7500;24600;84500;LC;LC;Flamingos
A666;Anthus petrosus;N;162000;64700;82300;LC;LC;Wagtails and pipits
A669;Carduelis corsicana;N;17500;13000;25500;LC;LC;Finches
A672;Calidris alpina alpina;N;88200;21500;39500;LC;EN;Sandpipers, snipes and phalaropes
A676;Troglodytes troglodytes all others;N;3300000;29700000;48400000;LC;EN;Wrens
A677;Apus affinis;N;1000;22;22;VU;VU;Swifts
A679;Acrocephalus dumetorum;N;233000;120000;313000;LC;LC;Warblers
A680;Acrocephalus agricola;N;470;3000;20200;LC;LC;Warblers
A684;Phalacrocorax aristotelis aristotelis;N;71600;27900;35200;LC;EN;Cormorants
A686;Iduna caligata;N;7600;460;1800;LC;LC;Warblers
A687;Columba palumbus palumbus;N;3520000;18900000;25900000;LC;EN;Pigeons and doves
A693;Puffinus mauretanicus;N;1700;2900;3000;CR;CR;Petrels and shearwaters
A701;Anser fabalis fabalis;N;102000;1200;3100;VU;EN;Ducks, geese and swans
A702;Anser fabalis rossicus;Y;-1;647000;878000;LC;EN;Ducks, geese and swans
A707;Aquila fasciata;N;153000;1000;1200;LC;NT;Hawks and eagles
A711;Lagopus lagopus scotica;N;87200;264000;265000;LC;LC;Pheasants, partridges and grouse
A712;Lagopus muta pyrenaica;N;7000;1300;5400;NT;NT;Pheasants, partridges and grouse
A713;Lagopus muta helvetica;N;88200;23400;31800;LC;LC;Pheasants, partridges and grouse
A716;Francolinus francolinus francolinus;N;6900;3600;7600;LC;EN;Pheasants, partridges and grouse
A717;Turnix sylvaticus;N;-1;0;0;CR;CR;Buttonquails
A722;Porphyrio porphyrio porphyrio;N;32900;4000;4800;LC;LC;Rails, gallinules and coots
A727;Eudromias morinellus;N;98900;3700;7800;LC;LC;Plovers
A728;Vanellus spinosus;N;4400;80;130;VU;VU;Plovers
A734;Chlidonias hybrida;N;41900;25100;41500;LC;LC;Gulls and terns
A736;Bubo scandiacus;N;5200;0;47;CR;CR;Typical owls
A738;Delichon urbicum;N;3530000;8550000;18600000;LC;LC;Swallows and martins
A767;Mergellus albellus;N;145000;2800;6900;LC;LC;Ducks, geese and swans
A773;Ardea alba;N;110000;7700;10800;LC;LC;Herons
A798;Larus armenicus;Y;-1;50;200;VU;EN;Gulls and terns
A800;Larus ichthyaetus;N;-1;0;0;EN;EN;Gulls and terns
A839;Lagopus muta;N;197000;113000;247000;LC;VU;Pheasants, partridges and grouse
A850;Calonectris diomedea s. str.;N;122000;28500;47100;LC;LC;Petrels and shearwaters
A851;Calonectris borealis;N;12700;251000;253000;LC;LC;Petrels and shearwaters
A854;Hydrobates leucorhous;N;500;36700;65200;VU;VU;Northern storm-petrels
A855;Mareca penelope;N;508000;41600;70100;VU;VU;Ducks, geese and swans
A856;Spatula querquedula;N;337000;9100;18200;VU;VU;Ducks, geese and swans
A857;Spatula clypeata;N;481000;24100;34500;NT;LC;Ducks, geese and swans
A858;Clanga pomarina;N;196000;10800;15300;LC;LC;Hawks and eagles
A859;Clanga clanga;N;3100;18;31;CR;CR;Hawks and eagles
A860;Calidris falcinellus;N;135000;18300;32900;VU;LC;Sandpipers, snipes and phalaropes
A861;Calidris pugnax;N;223000;41500;94700;NT;EN;Sandpipers, snipes and phalaropes
A862;Hydrocoloeus minutus;N;182000;11700;16000;LC;LC;Gulls and terns
A863;Thalasseus sandvicensis;N;24800;59000;68700;LC;LC;Gulls and terns
A866;Picus viridis s. str.;N;2010000;500000;912000;LC;LC;Woodpeckers
A867;Picus sharpei;N;184000;244000;469000;LC;NT;Woodpeckers
A868;Leiopicus medius;N;1040000;254000;562000;LC;LC;Woodpeckers
A869;Dryobates minor;N;1730000;177000;374000;NT;LC;Woodpeckers
A872;Pterodroma deserta;N;200;160;180;VU;VU;Petrels and shearwaters
A874;Hydrobates castro;N;2500;6600;2200;LC;LC;Northern storm-petrels
A875;Microcarbo pygmaeus;N;21600;16100;18300;LC;LC;Cormorants
A876;Lyrurus tetrix tetrix;N;911000;518000;863000;VU;EN;Pheasants, partridges and grouse
A877;Lyrurus tetrix britannicus;N;43300;4800;4900;LC;VU;Pheasants, partridges and grouse
A878;Alectoris graeca all others;N;186000;24000;36200;NT;EN;Pheasants, partridges and grouse
A880;Puffinus lherminieri;N;4000;2500;5900;NT;NT;Petrels and shearwaters
A882;Onychoprion fuscatus;N;-1;1;1;CR;EN;Gulls and terns
A884;Hydrobates monteiroi;N;-1;360;390;VU;VU;Northern storm-petrels
A885;Sternula albifrons;N;100000;12600;18100;LC;LC;Gulls and terns
A887;Uria aalge all others;N;32300;1650000;1670000;LC;EN;Auks
A889;Mareca strepera;N;546000;52400;77500;LC;LC;Ducks, geese and swans
A891;Lagopus muta all others;N;102000;89000;210000;LC;EN;Pheasants, partridges and grouse
A892;Zapornia parva;N;54400;6000;16400;LC;LC;Rails, gallinules and coots
A893;Zapornia pusilla;N;9800;110;300;NT;NT;Rails, gallinules and coots
A894;Hydroprogne caspia;N;34800;1700;2100;LC;NT;Gulls and terns
A897;Spilopelia senegalensis;N;600;60;80;NT;EN;Pigeons and doves
A898;Accipiter nisus all others;N;2760000;198000;341000;LC;EN;Hawks and eagles
A899;Accipiter gentilis all others;N;1890000;56300;95300;LC;EN;Hawks and eagles
A900;Melanitta nigra s. str.;N;165000;6000;9900;LC;LC;Ducks, geese and swans
A907;Sylvia subalpina;N;65600;51000;133000;LC;EN;Warblers
A909;Lyrurus tetrix;N;954000;523000;868000;VU;LC;Pheasants, partridges and grouse