speciescode;speciesname;keywintering;distribution_surface_area;population_minimum_size;population_maximum_size;red_list_cat;conclusion_status_label;red_list_cat_prev;conclusion_status_label_prev;taxFamily_en;Area_Classification;Wint_pop_less1Qua;Pop_Size_Variation;Bird_Pop_Above;Worserating_pop;taxFamily
A001;Gavia stellata;N;392000;3000;4800;LC;Secure;LC;Secure;Loons/divers;Large;N/A;1800;No;No;Gaviiformes
A002;Gavia arctica;N;634000;14800;19500;LC;Secure;LC;Secure;Loons/divers;Large;N/A;4700;No;No;Gaviiformes
A003;Gavia immer;Y;-1;6900;7700;LC;Secure;VU;Threatened;Loons/divers;Small;Yes;800;No;No;Gaviiformes
A004;Tachybaptus ruficollis;N;1370000;71700;126000;LC;Secure;LC;Secure;Grebes;Large;N/A;54300;No;No;Podicipediformes
A005;Podiceps cristatus;N;1310000;183000;263000;LC;Secure;LC;Secure;Grebes;Large;N/A;80000;No;No;Podicipediformes
A006;Podiceps grisegena;N;342000;7600;12100;VU;Threatened;LC;Secure;Grebes;Large;N/A;4500;No;Yes;B
A007;Podiceps auritus;N;453000;4400;5700;VU;Threatened;VU;Threatened;Grebes;Large;N/A;1300;No;Yes;B,W
A008;Podiceps nigricollis;N;106000;8600;14700;LC;Secure;LC;Secure;Grebes;Small;N/A;6100;No;No;Podicipediformes
A009;Fulmarus glacialis;N;70800;228000;715000;EN;Threatened;VU;Threatened;Petrels and shearwaters;Small;N/A;487000;No;Yes;B
A013;Puffinus puffinus;N;4700;315000;359000;LC;Unknown;LC;Unknown;Petrels and shearwaters;Small;N/A;44000;No;No;Procellariiformes
A014;Hydrobates pelagicus;N;25800;135000;154000;LC;Unknown;LC;Unknown;Northern storm-petrels;Small;N/A;19000;No;No;Procellariiformes
A016;Morus bassanus;N;2600;360000;361000;LC;Secure;LC;Secure;Gannets;Small;N/A;1000;No;No;Suliformes
A017;Phalacrocorax carbo;N;437000;222000;267000;LC;Secure;LC;Secure;Cormorants;Large;N/A;45000;No;No;Suliformes
A018;Phalacrocorax aristotelis;N;143000;35400;44400;LC;Depleted;NT;Near Threatened;Cormorants;Small;N/A;9000;No;No;B,W
A019;Pelecanus onocrotalus;N;800;4700;5800;LC;Secure;LC;Secure;Pelicans;Small;N/A;1100;No;No;Pelecaniformes
A020;Pelecanus crispus;N;4600;2200;2700;LC;Secure;LC;Secure;Pelicans;Small;N/A;500;No;No;Pelecaniformes
A021;Botaurus stellaris;N;391000;11200;19100;LC;Secure;LC;Secure;Herons;Large;N/A;7900;No;No;Pelecaniformes
A022;Ixobrychus minutus;N;260000;20700;36500;LC;Unknown;LC;Unknown;Herons;Large;N/A;15800;No;No;Pelecaniformes
A023;Nycticorax nycticorax;N;151000;25900;36100;LC;Secure;LC;Secure;Herons;Small;N/A;10200;No;No;Pelecaniformes
A024;Ardeola ralloides;N;56600;6300;10600;LC;Secure;LC;Secure;Herons;Small;N/A;4300;No;No;Pelecaniformes
A025;Bubulcus ibis;N;129000;64300;77700;LC;Secure;LC;Secure;Herons;Small;N/A;13400;No;No;Pelecaniformes
A026;Egretta garzetta;N;230000;39100;48000;LC;Secure;LC;Secure;Herons;Large;N/A;8900;No;No;Pelecaniformes
A028;Ardea cinerea;N;1230000;127000;150000;LC;Secure;LC;Secure;Herons;Large;N/A;23000;No;No;Pelecaniformes
A029;Ardea purpurea;N;125000;10700;12800;LC;Secure;LC;Secure;Herons;Small;N/A;2100;No;No;Pelecaniformes
A030;Ciconia nigra;N;450000;5800;8500;LC;Secure;LC;Secure;Storks;Large;N/A;2700;No;No;Ciconiiformes
A031;Ciconia ciconia;N;1010000;156000;168000;LC;Secure;LC;Secure;Storks;Large;N/A;12000;No;No;Ciconiiformes
A032;Plegadis falcinellus;N;14200;11200;32000;LC;Secure;LC;Secure;Ibises and spoonbills;Small;N/A;20800;No;No;Pelecaniformes
A034;Platalea leucorodia;N;38500;8400;12000;LC;Secure;LC;Secure;Ibises and spoonbills;Small;N/A;3600;No;No;Pelecaniformes
A036;Cygnus olor;N;1160000;66100;93600;LC;Secure;LC;Secure;Ducks, geese and swans;Large;N/A;27500;No;No;Anseriformes
A037;Cygnus columbianus bewickii;Y;-1;17200;24100;VU;Threatened;VU;Threatened;Ducks, geese and swans;Small;No;6900;No;Yes;Threatened
A038;Cygnus cygnus;N;807000;16800;23700;LC;Secure;LC;Secure;Ducks, geese and swans;Large;N/A;6900;No;No;Anseriformes
A039;Anser fabalis;N;102000;1200;3100;VU;Threatened;LC;Unknown;Ducks, geese and swans;Small;N/A;1900;No;Yes;B,W
A040;Anser brachyrhynchus;Y;-1;555000;566000;LC;Secure;LC;Secure;Ducks, geese and swans;Small;No;11000;No;No;Anseriformes
A040-A;Anser brachyrhynchus;Y;-1;44800;55300;LC;Secure;LC;Secure;Ducks, geese and swans;Small;No;10500;No;No;W
A040-B;Anser brachyrhynchus;Y;-1;510000;511000;LC;Secure;LC;Secure;Ducks, geese and swans;Small;No;1000;No;No;LC
A041;Anser albifrons;Y;-1;1570000;2350000;LC;Secure;LC;Secure;Ducks, geese and swans;Small;No;780000;No;No;Anseriformes
A042;Anser erythropus;N;2500;15;30;CR;Threatened;CR;Threatened;Ducks, geese and swans;Small;N/A;15;No;Yes;B,W
A043;Anser anser;N;817000;223000;321000;LC;Secure;LC;Secure;Ducks, geese and swans;Large;N/A;98000;No;No;Anseriformes
A044-X;Branta canadensis;N;789000;91300;109000;Unknown;Not Evaluated;NE;Not Evaluated;Ducks, geese and swans;Large;N/A;17700;No;Yes;Evaluated
A045;Branta leucopsis;N;91800;29700;38900;LC;Secure;LC;Secure;Ducks, geese and swans;Small;N/A;9200;No;No;Anseriformes
A046;Branta bernicla;Y;-1;298000;337000;LC;Secure;LC;Secure;Ducks, geese and swans;Small;No;39000;No;No;Anseriformes
A048;Tadorna tadorna;N;460000;34300;45800;LC;Secure;LC;Secure;Ducks, geese and swans;Large;N/A;11500;No;No;Anseriformes
A052;Anas crecca;N;1160000;234000;367000;LC;Declining;LC;Secure;Ducks, geese and swans;Large;N/A;133000;No;No;Anseriformes
A053;Anas platyrhynchos;N;3130000;1850000;3020000;LC;Secure;LC;Secure;Ducks, geese and swans;Large;N/A;1170000;No;No;Anseriformes
A054;Anas acuta;N;205000;4500;18800;EN;Threatened;VU;Threatened;Ducks, geese and swans;Small;N/A;14300;No;Yes;B,W
A057;Marmaronetta angustirostris;N;6200;70;80;EN;Threatened;CR;Threatened;Ducks, geese and swans;Small;N/A;10;No;Yes;B,W
A058;Netta rufina;N;124000;11600;15500;LC;Secure;LC;Secure;Ducks, geese and swans;Small;N/A;3900;No;No;Anseriformes
A059;Aythya ferina;N;383000;46100;71400;VU;Threatened;VU;Threatened;Ducks, geese and swans;Large;N/A;25300;No;Yes;B,W
A060;Aythya nyroca;N;42600;14100;22700;LC;Unknown;LC;Unknown;Ducks, geese and swans;Small;N/A;8600;No;No;Anseriformes
A061;Aythya fuligula;N;1260000;166000;288000;VU;Threatened;LC;Secure;Ducks, geese and swans;Large;N/A;122000;No;Yes;B,W
A062;Aythya marila;N;88800;1000;1500;EN;Threatened;VU;Threatened;Ducks, geese and swans;Small;N/A;500;No;Yes;Threatened
A063;Somateria mollissima;N;169000;176000;296000;VU;Threatened;EN;Threatened;Ducks, geese and swans;Small;N/A;120000;No;Yes;B,W
A064;Clangula hyemalis;Y;-1;1160000;2130000;LC;Depleted;VU;Threatened;Ducks, geese and swans;Small;No;970000;No;No;Anseriformes
A066;Melanitta fusca;N;196000;11000;24000;VU;Threatened;VU;Threatened;Ducks, geese and swans;Small;N/A;13000;No;Yes;B,W
A067;Bucephala clangula;N;913000;187000;241000;LC;Secure;LC;Secure;Ducks, geese and swans;Large;N/A;54000;No;No;Anseriformes
A069;Mergus serrator;N;561000;44600;73900;NT;Near Threatened;VU;Threatened;Ducks, geese and swans;Large;N/A;29300;No;Yes;Threatened
A070;Mergus merganser;N;893000;62900;105000;LC;Secure;LC;Secure;Ducks, geese and swans;Large;N/A;42100;No;No;Anseriformes
A071;Oxyura leucocephala;N;8700;250;310;VU;Threatened;VU;Threatened;Ducks, geese and swans;Small;N/A;60;No;Yes;B,W
A072;Pernis apivorus;N;1640000;38800;61500;LC;Secure;LC;Secure;Hawks and eagles;Large;N/A;22700;No;No;Accipitriformes
A073;Milvus migrans;N;942000;51300;63500;LC;Secure;LC;Secure;Hawks and eagles;Large;N/A;12200;No;No;Accipitriformes
A074;Milvus milvus;N;729000;29700;34800;LC;Secure;NT;Near Threatened;Hawks and eagles;Large;N/A;5100;No;No;B,W
A075;Haliaeetus albicilla;N;633000;4800;6300;LC;Secure;LC;Secure;Hawks and eagles;Large;N/A;1500;No;No;Accipitriformes
A076;Gypaetus barbatus;N;33600;220;250;VU;Threatened;VU;Threatened;Hawks and eagles;Small;N/A;30;No;Yes;B
A077;Neophron percnopterus;N;111000;1700;1900;VU;Threatened;VU;Threatened;Hawks and eagles;Small;N/A;200;No;Yes;B
A078;Gyps fulvus;N;226000;33700;41900;LC;Secure;LC;Secure;Hawks and eagles;Large;N/A;8200;No;No;Accipitriformes
A079;Aegypius monachus;N;26200;2600;2700;LC;Secure;LC;Secure;Hawks and eagles;Small;N/A;100;No;No;Accipitriformes
A080;Circaetus gallicus;N;661000;6300;9300;LC;Secure;LC;Secure;Hawks and eagles;Large;N/A;3000;No;No;Accipitriformes
A081;Circus aeruginosus;N;1090000;43900;65700;LC;Secure;LC;Secure;Hawks and eagles;Large;N/A;21800;No;No;Accipitriformes
A082;Circus cyaneus;N;544000;10500;15200;VU;Threatened;LC;Secure;Hawks and eagles;Large;N/A;4700;No;Yes;B,W
A083;Circus macrourus;N;1500;10;50;EN;Threatened;EN;Threatened;Hawks and eagles;Small;N/A;40;No;No;B
A084;Circus pygargus;N;445000;14200;20200;VU;Threatened;LC;Secure;Hawks and eagles;Large;N/A;6000;No;Yes;B
A085;Accipiter gentilis;N;1899900;56500;95500;LC;Secure;LC;Secure;Hawks and eagles;Large;N/A;39000;No;No;Accipitriformes
A086;Accipiter nisus;N;2765700;198000;342000;LC;Secure;LC;Secure;Hawks and eagles;Large;N/A;144000;No;No;Accipitriformes
A087;Buteo buteo;N;3290000;551000;807000;LC;Secure;LC;Secure;Hawks and eagles;Large;N/A;256000;No;No;Accipitriformes
A088;Buteo lagopus;N;313000;1800;8200;VU;Threatened;EN;Threatened;Hawks and eagles;Large;N/A;6400;No;Yes;Threatened
A091;Aquila chrysaetos;N;777000;5100;6100;LC;Secure;LC;Secure;Hawks and eagles;Large;N/A;1000;No;No;Accipitriformes
A092;Hieraaetus pennatus;N;358000;20300;23900;LC;Secure;LC;Secure;Hawks and eagles;Large;N/A;3600;No;No;Accipitriformes
A094;Pandion haliaetus;N;639000;6000;7800;LC;Secure;LC;Secure;Osprey;Large;N/A;1800;No;No;Accipitriformes
A095;Falco naumanni;N;260000;29000;32500;LC;Secure;LC;Secure;Falcons;Large;N/A;3500;No;No;Falconiformes
A096;Falco tinnunculus;N;3160000;308000;477000;LC;Secure;LC;Secure;Falcons;Large;N/A;169000;No;No;Falconiformes
A097;Falco vespertinus;N;19000;2500;4000;VU;Threatened;VU;Threatened;Falcons;Small;N/A;1500;No;Yes;B
A098;Falco columbarius;N;400000;6700;14400;VU;Threatened;LC;Secure;Falcons;Large;N/A;7700;No;Yes;B,W
A099;Falco subbuteo;N;1770000;40600;74300;LC;Secure;LC;Secure;Falcons;Large;N/A;33700;No;No;Falconiformes
A100;Falco eleonorae;N;42900;14100;14400;LC;Secure;LC;Unknown;Falcons;Small;N/A;300;No;No;Falconiformes
A101;Falco biarmicus;N;82600;140;170;EN;Threatened;VU;Threatened;Falcons;Small;N/A;30;No;Yes;B
A102;Falco rusticolus;N;99600;90;130;EN;Threatened;VU;Threatened;Falcons;Small;N/A;40;No;Yes;B
A103;Falco peregrinus;N;1380000;10900;12800;LC;Secure;LC;Secure;Falcons;Large;N/A;1900;No;No;B,W
A104;Bonasa bonasia;N;921000;548000;927000;VU;Threatened;LC;Secure;Pheasants, partridges and grouse;Large;N/A;379000;No;Yes;B
A105;Lagopus lagopus;N;471000;374000;762000;LC;Depleted;VU;Threatened;Pheasants, partridges and grouse;Large;N/A;388000;No;No;Galliformes
A108;Tetrao urogallus;N;790000;468000;1170000;LC;Depleted;LC;Depleted;Pheasants, partridges and grouse;Large;N/A;702000;No;No;Galliformes
A109;Alectoris graeca;N;199000;25500;37700;NT;Near Threatened;VU;Threatened;Pheasants, partridges and grouse;Small;N/A;12200;No;Yes;Threatened
A110;Alectoris rufa;N;708000;4970000;6850000;NT;Near Threatened;LC;Declining;Pheasants, partridges and grouse;Large;N/A;1880000;Yes;Yes;Declining
A111;Alectoris barbara;N;34300;7700;20500;LC;Unknown;LC;Unknown;Pheasants, partridges and grouse;Small;N/A;12800;No;No;Galliformes
A112;Perdix perdix;N;1290000;767000;1320000;VU;Threatened;LC;Declining;Pheasants, partridges and grouse;Large;N/A;553000;No;Yes;B
A113;Coturnix coturnix;N;1690000;1130000;2490000;LC;Unknown;LC;Unknown;Pheasants, partridges and grouse;Large;N/A;1360000;No;No;Galliformes
A115;Phasianus colchicus;N;-1;50;100;EN;Threatened;LC;Secure;Pheasants, partridges and grouse;Small;N/A;50;No;Yes;B
A115-X;Phasianus colchicus;N;1750000;2500000;3480000;Unknown;Secure;LC;Secure;Pheasants, partridges and grouse;Large;N/A;980000;No;Yes;B
A118;Rallus aquaticus;N;901000;84100;197000;LC;Unknown;LC;Unknown;Rails, gallinules and coots;Large;N/A;112900;No;No;Gruiformes
A119;Porzana porzana;N;331000;8900;21500;LC;Unknown;LC;Secure;Rails, gallinules and coots;Large;N/A;12600;No;No;Gruiformes
A122;Crex crex;N;731000;119000;277000;NT;Near Threatened;LC;Secure;Rails, gallinules and coots;Large;N/A;158000;No;Yes;Secure
A123;Gallinula chloropus;N;1870000;672000;921000;LC;Secure;LC;Secure;Rails, gallinules and coots;Large;N/A;249000;No;No;Gruiformes
A125;Fulica atra;N;1800000;560000;844000;LC;Depleted;LC;Declining;Rails, gallinules and coots;Large;N/A;284000;No;No;Gruiformes
A126;Fulica cristata;N;4700;21;45;CR ;Threatened;EN;Threatened;Rails, gallinules and coots;Small;N/A;24;No;Yes;B,W
A127;Grus grus;N;1000000;124000;169000;LC;Secure;LC;Secure;Cranes;Large;N/A;45000;No;No;Gruiformes
A128;Tetrax tetrax;N;98600;69500;150000;EN;Threatened;VU;Threatened;Bustards;Small;N/A;80500;No;Yes;B,W
A129;Otis tarda;N;44200;32000;37300;LC;Secure;LC;Secure;Bustards;Small;N/A;5300;No;No;Otidiformes
A130;Haematopus ostralegus;N;573000;175000;197000;VU;Threatened;VU;Threatened;Oystercatchers;Large;N/A;22000;No;Yes;B,W
A131;Himantopus himantopus;N;217000;23300;74600;LC;Secure;LC;Secure;Avocets and stilts;Small;N/A;51300;No;No;Charadriiformes
A132;Recurvirostra avosetta;N;142000;29800;54900;LC;Secure;LC;Secure;Avocets and stilts;Small;N/A;25100;No;No;Charadriiformes
A133;Burhinus oedicnemus;N;298000;55700;85000;LC;Unknown;LC;Depleted;Thick-knees;Large;N/A;29300;No;No;Charadriiformes
A134;Cursorius cursor;N;2300;1100;1200;NT;Near Threatened;NT;Near Threatened;Coursers and pratincoles;Small;N/A;100;No;Yes;Near
A135;Glareola pratincola;N;37000;4600;8300;NT;Near Threatened;LC;Secure;Coursers and pratincoles;Small;N/A;3700;No;Yes;Secure
A136;Charadrius dubius;N;1230000;72500;105000;LC;Unknown;LC;Secure;Plovers;Large;N/A;32500;No;No;Charadriiformes
A137;Charadrius hiaticula;N;384000;27300;40400;LC;Secure;LC;Secure;Plovers;Large;N/A;13100;No;No;Charadriiformes
A138;Charadrius alexandrinus;N;110000;6600;14000;LC;Declining;LC;Declining;Plovers;Small;N/A;7400;No;No;Charadriiformes
A140;Pluvialis apricaria;N;533000;207000;338000;LC;Secure;LC;Secure;Plovers;Large;N/A;131000;No;No;Charadriiformes
A141;Pluvialis squatarola;Y;-1;125000;150000;LC;Secure;LC;Secure;Plovers;Small;No;25000;No;No;Charadriiformes
A142;Vanellus vanellus;N;1950000;805000;1140000;VU;Threatened;VU;Threatened;Plovers;Large;N/A;335000;No;Yes;B,W
A143;Calidris canutus;Y;-1;403000;487000;LC;Secure;LC;Secure;Sandpipers, snipes and phalaropes;Small;No;84000;No;No;Charadriiformes
A144;Calidris alba;Y;-1;75100;99000;LC;Secure;LC;Secure;Sandpipers, snipes and phalaropes;Small;No;23900;No;No;Charadriiformes
A145;Calidris minuta;Y;-1;12800;21300;LC;Secure;LC;Secure;Sandpipers, snipes and phalaropes;Small;No;8500;No;No;Charadriiformes
A146;Calidris temminckii;N;83100;6600;9000;NT;Near Threatened;LC;Depleted;Sandpipers, snipes and phalaropes;Small;N/A;2400;No;Yes;Depleted
A147;Calidris ferruginea;Y;-1;160;1600;VU;Threatened;VU;Threatened;Sandpipers, snipes and phalaropes;Small;Yes;1440;No;Yes;W
A148;Calidris maritima;Y;-1;14100;17300;NT;Near Threatened;NT;Near Threatened;Sandpipers, snipes and phalaropes;Small;No;3200;No;Yes;Near
A149;Calidris alpina;N;146000;30500;50700;LC;Depleted;LC;Depleted;Sandpipers, snipes and phalaropes;Small;N/A;20200;No;No;Depleted
A152;Lymnocryptes minimus;N;166000;8700;23400;LC;Secure;LC;Unknown;Sandpipers, snipes and phalaropes;Small;N/A;14700;No;No;Charadriiformes
A153;Gallinago gallinago;N;1220000;422000;758000;LC;Declining;LC;Declining;Sandpipers, snipes and phalaropes;Large;N/A;336000;No;No;Charadriiformes
A154;Gallinago media;N;47500;2200;3800;VU;Threatened;VU;Threatened;Sandpipers, snipes and phalaropes;Small;N/A;1600;No;Yes;B
A155;Scolopax rusticola;N;1420000;706000;1460000;LC;Secure;LC;Secure;Sandpipers, snipes and phalaropes;Large;N/A;754000;No;No;Charadriiformes
A156;Limosa limosa;N;106000;37900;46700;EN;Threatened;EN;Threatened;Sandpipers, snipes and phalaropes;Small;N/A;8800;No;Yes;EN
A157;Limosa lapponica;N;12300;1300;4500;LC;Secure;LC;Secure;Sandpipers, snipes and phalaropes;Small;N/A;3200;No;No;Charadriiformes
A158;Numenius phaeopus;N;402000;47100;67700;LC;Secure;LC;Secure;Sandpipers, snipes and phalaropes;Large;N/A;20600;No;No;Charadriiformes
A159;Numenius tenuirostris;Y;-1;0;0;CR;Threatened;CR (PE);Threatened;Sandpipers, snipes and phalaropes;Small;Yes;0;No;No;Threatened
A160;Numenius arquata;N;886000;155000;173000;NT;Near Threatened;VU;Threatened;Sandpipers, snipes and phalaropes;Large;N/A;18000;No;Yes;Threatened
A161;Tringa erythropus;N;160000;8900;24500;NT;Near Threatened;NT;Near Threatened;Sandpipers, snipes and phalaropes;Small;N/A;15600;No;Yes;Near
A162;Tringa totanus;N;732000;92300;115000;VU;Threatened;VU;Threatened;Sandpipers, snipes and phalaropes;Large;N/A;22700;No;Yes;B,W
A163;Tringa stagnatilis;N;4900;40;110;VU;Threatened;EN;Threatened;Sandpipers, snipes and phalaropes;Small;N/A;70;No;Yes;B
A164;Tringa nebularia;N;494000;68400;105000;LC;Secure;LC;Secure;Sandpipers, snipes and phalaropes;Large;N/A;36600;No;No;Charadriiformes
A165;Tringa ochropus;N;899000;217000;338000;LC;Secure;LC;Secure;Sandpipers, snipes and phalaropes;Large;N/A;121000;No;No;Charadriiformes
A166;Tringa glareola;N;573000;422000;563000;LC;Depleted;LC;Depleted;Sandpipers, snipes and phalaropes;Large;N/A;141000;No;No;Charadriiformes
A167;Xenus cinereus;N;800;5;8;CR ;Threatened;CR;Threatened;Sandpipers, snipes and phalaropes;Small;N/A;3;No;Yes;B
A168;Actitis hypoleucos;N;1290000;258000;390000;LC;Declining;NT;Near Threatened;Sandpipers, snipes and phalaropes;Large;N/A;132000;No;No;B
A169;Arenaria interpres;N;50600;1400;3400;EN;Threatened;EN;Threatened;Sandpipers, snipes and phalaropes;Small;N/A;2000;No;Yes;B,W
A170;Phalaropus lobatus;N;96400;20000;36100;LC;Declining;LC;Unknown;Sandpipers, snipes and phalaropes;Small;N/A;16100;No;No;Charadriiformes
A173;Stercorarius parasiticus;N;56100;1400;2900;EN;Threatened;EN;Threatened;Skuas;Small;N/A;1500;No;Yes;B
A174;Stercorarius longicaudus;N;90800;13600;28000;LC;Secure;LC;Secure;Skuas;Small;N/A;14400;No;No;Charadriiformes
A175;Catharacta skua;N;16500;9600;9700;LC;Secure;LC;Secure;Skuas;Small;N/A;100;No;No;Charadriiformes
A176;Larus melanocephalus;N;51400;16700;25000;LC;Secure;LC;Secure;Gulls and terns;Small;N/A;8300;No;No;Charadriiformes
A179;Larus ridibundus;N;953000;811000;1080000;VU;Threatened;LC;Depleted;Gulls and terns;Large;N/A;269000;No;Yes;B
A180;Larus genei;N;7600;5400;8800;LC;Unknown;LC;Secure;Gulls and terns;Small;N/A;3400;No;No;Charadriiformes
A181;Larus audouinii;N;36900;15600;20900;VU;Threatened;LC;Secure;Gulls and terns;Small;N/A;5300;No;Yes;B,W
A182;Larus canus;N;978000;221000;318000;LC;Declining;LC;Secure;Gulls and terns;Large;N/A;97000;No;No;Charadriiformes
A183;Larus fuscus;N;328000;308000;338000;LC;Secure;LC;Secure;Gulls and terns;Large;N/A;30000;No;No;Charadriiformes
A184;Larus argentatus;N;657000;419000;479000;VU;Threatened;VU;Threatened;Gulls and terns;Large;N/A;60000;No;Yes;B
A185;Larus glaucoides;Y;-1;380;440;LC;Unknown;NE;Not Evaluated;Gulls and terns;Small;Yes;60;No;No;W
A186;Larus hyperboreus;Y;-1;250;330;LC;Unknown;NE;Not Evaluated;Gulls and terns;Small;Yes;80;No;No;W
A187;Larus marinus;N;242000;28100;45000;NT;Near Threatened;LC;Secure;Gulls and terns;Large;N/A;16900;No;Yes;Secure
A188;Rissa tridactyla;N;31300;207000;294000;EN;Threatened;EN;Threatened;Gulls and terns;Small;N/A;87000;No;Yes;B
A189;Gelochelidon nilotica;N;30700;8000;9900;LC;Secure;LC;Secure;Gulls and terns;Small;N/A;1900;No;No;Charadriiformes
A192;Sterna dougallii;N;2000;2400;3100;LC;Secure;LC;Secure;Gulls and terns;Small;N/A;700;No;No;Charadriiformes
A193;Sterna hirundo;N;882000;120000;190000;LC;Secure;LC;Secure;Gulls and terns;Large;N/A;70000;No;No;Charadriiformes
A194;Sterna paradisaea;N;430000;179000;283000;LC;Secure;LC;Secure;Gulls and terns;Large;N/A;104000;No;No;Charadriiformes
A197;Chlidonias niger;N;67600;11400;17600;LC;Depleted;LC;Declining;Gulls and terns;Small;N/A;6200;No;No;Charadriiformes
A198;Chlidonias leucopterus;N;5700;600;6100;LC;Secure;LC;Secure;Gulls and terns;Small;N/A;5500;No;No;Charadriiformes
A199;Uria aalge;N;-1;1650000;1670000;LC;Secure;LC;Secure;Auks;Small;N/A;20000;No;No;Charadriiformes
A200;Alca torda;N;51400;262000;515000;LC;Secure;LC;Secure;Auks;Small;N/A;253000;No;No;Charadriiformes
A202;Cepphus grylle;N;94500;76000;93700;LC;Depleted;VU;Threatened;Auks;Small;N/A;17700;No;No;Charadriiformes
A203;Alle alle;Y;-1;0;30;NE;Not Evaluated;NE;Not Evaluated;Auks;Small;Yes;30;No;No;Evaluated
A204;Fratercula arctica;N;16400;601000;602000;LC;Secure;NT;Near Threatened;Auks;Small;N/A;1000;No;No;B
A205;Pterocles alchata;N;19000;7400;9000;LC;Depleted;LC;Depleted;Sandgrouse;Small;N/A;1600;No;No;Pterocliformes
A206;Columba livia;N;523000;2450000;4740000;LC;Secure;LC;Secure;Pigeons and doves;Large;N/A;2290000;Yes;No;B
A206-X;Columba livia;N;1950000;10300000;18900000;Unknown;Not Evaluated;LC;Secure;Pigeons and doves;Large;N/A;8600000;Yes;Yes;Secure
A207;Columba oenas;N;1450000;610000;972000;LC;Secure;LC;Secure;Pigeons and doves;Large;N/A;362000;No;No;Columbiformes
A208;Columba palumbus;N;3530000;18900000;26000000;LC;Secure;LC;Secure;Pigeons and doves;Large;N/A;7100000;Yes;No;Columbiformes
A209;Streptopelia decaocto;N;2830000;5990000;14500000;LC;Secure;LC;Secure;Pigeons and doves;Large;N/A;8510000;Yes;No;Columbiformes
A210;Streptopelia turtur;N;2020000;1980000;3440000;NT;Near Threatened;NT;Near Threatened;Pigeons and doves;Large;N/A;1460000;No;Yes;Near
A211;Clamator glandarius;N;141000;144000;152000;VU;Threatened;LC;Secure;Cuckoos;Small;N/A;8000;No;Yes;B
A212;Cuculus canorus;N;3580000;2240000;3650000;LC;Secure;LC;Secure;Cuckoos;Large;N/A;1410000;Yes;No;Cuculiformes
A213;Tyto alba;N;1380000;75900;165000;LC;Secure;LC;Secure;Barn-owls;Large;N/A;89100;No;No;Strigiformes
A214;Otus scops;N;746000;80900;139000;LC;Unknown;LC;Unknown;Typical owls;Large;N/A;58100;No;No;Strigiformes
A215;Bubo bubo;N;1150000;12900;17900;LC;Secure;LC;Secure;Typical owls;Large;N/A;5000;No;No;Strigiformes
A217;Glaucidium passerinum;N;771000;31000;69700;LC;Secure;LC;Secure;Typical owls;Large;N/A;38700;No;No;Strigiformes
A218;Athene noctua;N;1350000;191000;299000;LC;Unknown;LC;Unknown;Typical owls;Large;N/A;108000;No;No;Strigiformes
A219;Strix aluco;N;2240000;437000;638000;LC;Secure;LC;Unknown;Typical owls;Large;N/A;201000;No;No;Strigiformes
A220;Strix uralensis;N;498000;11900;21000;LC;Secure;LC;Secure;Typical owls;Large;N/A;9100;No;No;Strigiformes
A221;Asio otus;N;1970000;128000;243000;LC;Unknown;LC;Unknown;Typical owls;Large;N/A;115000;No;No;Strigiformes
A222;Asio flammeus;N;3990000;2100;21600;LC;Depleted;LC;Secure;Typical owls;Large;N/A;19500;No;No;Strigiformes
A223;Aegolius funereus;N;924000;17900;123000;LC;Depleted;LC;Secure;Typical owls;Large;N/A;105100;No;No;Strigiformes
A224;Caprimulgus europaeus;N;1230000;172000;325000;LC;Unknown;LC;Unknown;Nightjars;Large;N/A;153000;No;No;Caprimulgiformes
A225;Caprimulgus ruficollis;N;57200;101000;135000;NT;Near Threatened;LC;Secure;Nightjars;Small;N/A;34000;No;Yes;Secure
A226;Apus apus;N;2980000;12400000;19700000;NT;Near Threatened;LC;Secure;Swifts;Large;N/A;7300000;Yes;Yes;Secure
A227;Apus pallidus;N;879000;161000;1100000;LC;Unknown;LC;Secure;Swifts;Large;N/A;939000;No;No;Caprimulgiformes
A228;Tachymarptis melba;N;436000;202000;481000;LC;Unknown;LC;Unknown;Swifts;Large;N/A;279000;No;No;Caprimulgiformes
A229;Alcedo atthis;N;1580000;59200;157000;LC;Secure;VU;Threatened;Kingfishers;Large;N/A;97800;No;No;Coraciiformes
A230;Merops apiaster;N;805000;3330000;4960000;LC;Secure;LC;Secure;Bee-eaters;Large;N/A;1630000;Yes;No;Coraciiformes
A231;Coracias garrulus;N;275000;13200;22000;LC;Unknown;LC;Unknown;Rollers;Large;N/A;8800;No;No;Coraciiformes
A232;Upupa epops;N;1360000;1020000;2070000;LC;Secure;LC;Secure;Hoopoes;Large;N/A;1050000;No;No;Bucerotiformes
A233;Jynx torquilla;N;1800000;300000;591000;LC;Depleted;LC;Depleted;Woodpeckers;Large;N/A;291000;No;No;Piciformes
A234;Picus canus;N;1180000;84700;151000;LC;Unknown;LC;Unknown;Woodpeckers;Large;N/A;66300;No;No;Piciformes
A236;Dryocopus martius;N;1950000;193000;297000;LC;Secure;LC;Secure;Woodpeckers;Large;N/A;104000;No;No;Piciformes
A237;Dendrocopos major;N;3200000;4540000;6980000;LC;Secure;LC;Secure;Woodpeckers;Large;N/A;2440000;Yes;No;Piciformes
A239;Dendrocopos leucotos;N;254000;28300;67400;LC;Unknown;LC;Unknown;Woodpeckers;Large;N/A;39100;No;No;Piciformes
A241;Picoides tridactylus;N;541000;41700;76100;LC;Secure;LC;Secure;Woodpeckers;Large;N/A;34400;No;No;Piciformes
A242;Melanocorypha calandra;N;288000;4230000;6800000;LC;Depleted;VU;Threatened;Larks;Large;N/A;2570000;Yes;No;Passeriformes
A243;Calandrella brachydactyla;N;298000;1090000;1710000;LC;Secure;LC;Depleted;Larks;Large;N/A;620000;No;No;Passeriformes
A244;Galerida cristata;N;1090000;14600000;18500000;LC;Declining;LC;Declining;Larks;Large;N/A;3900000;Yes;No;Passeriformes
A245;Galerida theklae;N;193000;1750000;2850000;LC;Secure;LC;Secure;Larks;Small;N/A;1100000;No;No;Passeriformes
A246;Lullula arborea;N;1760000;1580000;3040000;LC;Secure;LC;Secure;Larks;Large;N/A;1460000;No;No;Passeriformes
A247;Alauda arvensis;N;3040000;23300000;31700000;LC;Declining;LC;Declining;Larks;Large;N/A;8400000;Yes;No;Passeriformes
A248;Eremophila alpestris;N;15500;2200;4000;NT;Near Threatened;NT;Near Threatened;Larks;Small;N/A;1800;No;Yes;Near
A249;Riparia riparia;N;1460000;1160000;2600000;LC;Depleted;LC;Depleted;Swallows and martins;Large;N/A;1440000;No;No;Passeriformes
A250;Ptyonoprogne rupestris;N;735000;131000;244000;LC;Secure;LC;Secure;Swallows and martins;Large;N/A;113000;No;No;Passeriformes
A251;Hirundo rustica;N;3680000;18100000;27500000;LC;Declining;LC;Declining;Swallows and martins;Large;N/A;9400000;Yes;No;Passeriformes
A255;Anthus campestris;N;8060000;550000;986000;LC;Secure;LC;Secure;Wagtails and pipits;Large;N/A;436000;No;No;Passeriformes
A256;Anthus trivialis;N;2620000;6900000;11700000;LC;Depleted;LC;Declining;Wagtails and pipits;Large;N/A;4800000;Yes;No;Passeriformes
A257;Anthus pratensis;N;1620000;4940000;7230000;LC;Depleted;VU;Threatened;Wagtails and pipits;Large;N/A;2290000;Yes;No;Passeriformes
A258;Anthus cervinus;N;7200;880;1800;EN;Threatened;LC;Unknown;Wagtails and pipits;Small;N/A;920;No;Yes;B
A259;Anthus spinoletta;N;187000;383000;718000;LC;Unknown;LC;Unknown;Wagtails and pipits;Small;N/A;335000;No;No;Passeriformes
A260;Motacilla flava;N;2060000;4950000;7540000;LC;Depleted;LC;Secure;Wagtails and pipits;Large;N/A;2590000;Yes;No;B
A261;Motacilla cinerea;N;2150000;906000;1790000;LC;Secure;LC;Unknown;Wagtails and pipits;Large;N/A;884000;No;No;Passeriformes
A262;Motacilla alba;N;3610000;6320000;9580000;LC;Secure;LC;Secure;Wagtails and pipits;Large;N/A;3260000;Yes;No;Passeriformes
A263;Bombycilla garrulus;N;372000;150000;265000;LC;Secure;LC;Secure;Waxwings;Large;N/A;115000;No;No;Passeriformes
A264;Cinclus cinclus;N;1220000;80800;155000;LC;Unknown;LC;Secure;Dippers;Large;N/A;74200;No;No;Passeriformes
A265;Troglodytes troglodytes;N;3300000;29700000;48400000;LC;Secure;LC;Secure;Wrens;Large;N/A;18700000;Yes;No;Passeriformes
A266;Prunella modularis;N;2460000;9410000;15400000;LC;Secure;LC;Secure;Accentors;Large;N/A;5990000;Yes;No;Passeriformes
A267;Prunella collaris;N;133000;48400;84100;LC;Unknown;LC;Unknown;Accentors;Small;N/A;35700;No;No;Passeriformes
A268;Cercotrichas galactotes;N;176000;102000;272000;LC;Declining;LC;Declining;Chats and flycatchers;Small;N/A;170000;No;No;Passeriformes
A269;Erithacus rubecula;N;3510000;36400000;54800000;LC;Secure;LC;Secure;Chats and flycatchers;Large;N/A;18400000;Yes;No;Passeriformes
A270;Luscinia luscinia;N;537000;447000;698000;VU;Threatened;LC;Secure;Chats and flycatchers;Large;N/A;251000;No;Yes;B
A271;Luscinia megarhynchos;N;1800000;8750000;12700000;LC;Secure;LC;Secure;Chats and flycatchers;Large;N/A;3950000;Yes;No;Passeriformes
A273;Phoenicurus ochruros;N;2040000;4360000;6940000;LC;Secure;LC;Secure;Chats and flycatchers;Large;N/A;2580000;Yes;No;Passeriformes
A274;Phoenicurus phoenicurus;N;2270000;2210000;3920000;LC;Secure;LC;Secure;Chats and flycatchers;Large;N/A;1710000;Yes;No;Passeriformes
A275;Saxicola rubetra;N;1530000;1950000;3020000;VU;Threatened;LC;Declining;Chats and flycatchers;Large;N/A;1070000;No;Yes;B
A276;Saxicola torquatus;N;2130000;4890000;7500000;LC;Secure;LC;Secure;Chats and flycatchers;Large;N/A;2610000;Yes;No;Passeriformes
A277;Oenanthe oenanthe;N;1870000;1880000;3680000;NT;Near Threatened;LC;Unknown;Chats and flycatchers;Large;N/A;1800000;Yes;Yes;LC
A278;Oenanthe hispanica;N;371000;451000;1190000;LC;Declining;LC;Declining;Chats and flycatchers;Large;N/A;739000;No;No;Passeriformes
A279;Oenanthe leucura;N;49600;4000;16100;LC;Depleted;VU;Threatened;Chats and flycatchers;Small;N/A;12100;No;No;Passeriformes
A280;Monticola saxatilis;N;191000;21300;38300;LC;Unknown;LC;Unknown;Chats and flycatchers;Small;N/A;17000;No;No;Passeriformes
A281;Monticola solitarius;N;434000;43300;89300;LC;Secure;LC;Unknown;Chats and flycatchers;Large;N/A;46000;No;No;Passeriformes
A282;Turdus torquatus;N;310000;135000;210000;LC;Unknown;LC;Unknown;Thrushes;Large;N/A;75000;No;No;Passeriformes
A283;Turdus merula;N;3790000;47800000;71400000;LC;Secure;LC;Secure;Thrushes;Large;N/A;23600000;Yes;No;Passeriformes
A284;Turdus pilaris;N;1480000;3410000;5150000;LC;Secure;VU;Threatened;Thrushes;Large;N/A;1740000;Yes;No;Passeriformes
A285;Turdus philomelos;N;3100000;12200000;20500000;LC;Secure;LC;Secure;Thrushes;Large;N/A;8300000;Yes;No;Passeriformes
A286;Turdus iliacus;N;898000;1960000;2370000;LC;Declining;VU;Threatened;Thrushes;Large;N/A;410000;No;No;Passeriformes
A287;Turdus viscivorus;N;3780000;2320000;4370000;LC;Secure;LC;Secure;Thrushes;Large;N/A;2050000;Yes;No;Passeriformes
A288;Cettia cetti;N;749000;1790000;2710000;LC;Secure;LC;Secure;Warblers;Large;N/A;920000;No;No;Passeriformes
A289;Cisticola juncidis;N;744000;1130000;1830000;LC;Secure;LC;Secure;Cisticolas;Large;N/A;700000;No;No;Passeriformes
A290;Locustella naevia;N;1140000;318000;564000;VU;Threatened;LC;Secure;Warblers;Large;N/A;246000;No;Yes;B
A291;Locustella fluviatilis;N;469000;153000;288000;VU;Threatened;VU;Threatened;Warblers;Large;N/A;135000;No;Yes;B
A292;Locustella luscinioides;N;314000;142000;225000;LC;Unknown;LC;Unknown;Warblers;Large;N/A;83000;No;No;Passeriformes
A293;Acrocephalus melanopogon;N;25900;8500;15200;LC;Depleted;LC;Unknown;Warblers;Small;N/A;6700;No;No;Passeriformes
A294;Acrocephalus paludicola;N;4100;3200;4800;NT;Near Threatened;VU;Threatened;Warblers;Small;N/A;1600;No;Yes;Threatened
A295;Acrocephalus schoenobaenus;N;1360000;1430000;2160000;LC;Secure;LC;Secure;Warblers;Large;N/A;730000;No;No;Passeriformes
A296;Acrocephalus palustris;N;1380000;1900000;2880000;LC;Declining;LC;Secure;Warblers;Large;N/A;980000;No;No;Passeriformes
A297;Acrocephalus scirpaceus;N;1430000;1410000;2420000;LC;Secure;LC;Secure;Warblers;Large;N/A;1010000;No;No;Passeriformes
A298;Acrocephalus arundinaceus;N;744000;775000;1270000;LC;Declining;LC;Secure;Warblers;Large;N/A;495000;No;No;Passeriformes
A299;Hippolais icterina;N;1130000;1030000;1520000;LC;Secure;LC;Unknown;Warblers;Large;N/A;490000;No;No;Passeriformes
A300;Hippolais polyglotta;N;867000;2130000;3540000;LC;Secure;LC;Secure;Warblers;Large;N/A;1410000;No;No;Passeriformes
A302;Sylvia undata;N;356000;597000;1430000;NT;Near Threatened;NT;Near Threatened;Warblers;Large;N/A;833000;No;Yes;Near
A303;Sylvia conspicillata;N;128000;163000;445000;LC;Secure;LC;Unknown;Warblers;Small;N/A;282000;No;No;Passeriformes
A304;Sylvia cantillans;N;556000;3490000;5230000;LC;Secure;LC;Secure;Warblers;Large;N/A;1740000;Yes;No;B
A305;Sylvia melanocephala;N;813000;6920000;13700000;LC;Secure;LC;Secure;Warblers;Large;N/A;6780000;Yes;No;Passeriformes
A307;Sylvia nisoria;N;360000;157000;228000;LC;Unknown;LC;Unknown;Warblers;Large;N/A;71000;No;No;Passeriformes
A309;Sylvia communis;N;2680000;9170000;14700000;LC;Secure;LC;Secure;Warblers;Large;N/A;5530000;Yes;No;Passeriformes
A310;Sylvia borin;N;2230000;4810000;8170000;LC;Declining;LC;Secure;Warblers;Large;N/A;3360000;Yes;No;Passeriformes
A311;Sylvia atricapilla;N;3360000;32800000;51100000;LC;Secure;LC;Secure;Warblers;Large;N/A;18300000;Yes;No;Passeriformes
A314;Phylloscopus sibilatrix;N;1780000;3060000;4590000;LC;Declining;LC;Depleted;Warblers;Large;N/A;1530000;Yes;No;Passeriformes
A316;Phylloscopus trochilus;N;2280000;24600000;41500000;LC;Depleted;LC;Declining;Warblers;Large;N/A;16900000;Yes;No;Passeriformes
A317;Regulus regulus;N;2340000;10600000;17100000;LC;Depleted;NT;Near Threatened;Goldcrests;Large;N/A;6500000;Yes;No;B
A318;Regulus ignicapilla;N;1530000;4440000;7780000;LC;Secure;LC;Secure;Goldcrests;Large;N/A;3340000;Yes;No;Passeriformes
A319;Muscicapa striata;N;2880000;4290000;8050000;LC;Depleted;LC;Secure;Chats and flycatchers;Large;N/A;3760000;Yes;No;Passeriformes
A320;Ficedula parva;N;497000;217000;540000;LC;Unknown;LC;Secure;Chats and flycatchers;Large;N/A;323000;No;No;Passeriformes
A321;Ficedula albicollis;N;405000;843000;2130000;LC;Unknown;LC;Unknown;Chats and flycatchers;Large;N/A;1287000;No;No;Passeriformes
A322;Ficedula hypoleuca;N;1460000;2220000;3080000;LC;Declining;LC;Depleted;Chats and flycatchers;Large;N/A;860000;No;No;Passeriformes
A323;Panurus biarmicus;N;200000;104000;164000;LC;Unknown;LC;Unknown;Parrotbills;Small;N/A;60000;No;No;Passeriformes
A324;Aegithalos caudatus;N;2920000;5860000;9310000;LC;Secure;LC;Secure;Long-tailed tits;Large;N/A;3450000;Yes;No;Passeriformes
A330;Parus major;N;4090000;45200000;69300000;LC;Secure;LC;Secure;Tits;Large;N/A;24100000;Yes;No;Passeriformes
A331;Sitta whiteheadi;N;2400;1500;2200;VU;Threatened;VU;Threatened;Nuthatches and wallcreeper;Small;N/A;700;No;Yes;B
A332;Sitta europaea;N;2710000;6770000;12600000;LC;Secure;LC;Secure;Nuthatches and wallcreeper;Large;N/A;5830000;Yes;No;Passeriformes
A333;Tichodroma muraria;N;76700;5600;11700;LC;Unknown;LC;Unknown;Nuthatches and wallcreeper;Small;N/A;6100;No;No;Passeriformes
A334;Certhia familiaris;N;2040000;3590000;6060000;LC;Secure;LC;Secure;Treecreepers;Large;N/A;2470000;Yes;No;Passeriformes
A335;Certhia brachydactyla;N;1730000;4770000;7700000;LC;Secure;LC;Secure;Treecreepers;Large;N/A;2930000;Yes;No;Passeriformes
A336;Remiz pendulinus;N;397000;110000;181000;LC;Unknown;LC;Unknown;Penduline-tits;Large;N/A;71000;No;No;Passeriformes
A337;Oriolus oriolus;N;1780000;1970000;3060000;LC;Secure;LC;Secure;Orioles;Large;N/A;1090000;No;No;Passeriformes
A338;Lanius collurio;N;2600000;3780000;6990000;LC;Secure;LC;Secure;Shrikes;Large;N/A;3210000;Yes;No;Passeriformes
A339;Lanius minor;N;486000;82800;167000;LC;Unknown;LC;Unknown;Shrikes;Large;N/A;84200;No;No;Passeriformes
A340;Lanius excubitor;N;576000;54500;122000;VU;Threatened;VU;Threatened;Shrikes;Large;N/A;67500;No;Yes;B
A341;Lanius senator;N;597000;1890000;2990000;NT;Near Threatened;LC;Declining;Shrikes;Large;N/A;1100000;No;Yes;Declining
A342;Garrulus glandarius;N;3220000;4130000;7080000;LC;Secure;LC;Secure;Crows and jays;Large;N/A;2950000;Yes;No;Passeriformes
A343;Pica pica;N;3540000;6900000;10800000;LC;Secure;LC;Secure;Crows and jays;Large;N/A;3900000;Yes;No;Passeriformes
A344;Nucifraga caryocatactes;N;658000;133000;284000;LC;Unknown;LC;Unknown;Crows and jays;Large;N/A;151000;No;No;Passeriformes
A345;Pyrrhocorax graculus;N;143000;41700;84600;LC;Unknown;LC;Unknown;Crows and jays;Small;N/A;42900;No;No;Passeriformes
A346;Pyrrhocorax pyrrhocorax;N;260000;22600;25800;LC;Secure;LC;Unknown;Crows and jays;Large;N/A;3200;No;No;Passeriformes
A347;Corvus monedula;N;2300000;5440000;9460000;LC;Secure;LC;Secure;Crows and jays;Large;N/A;4020000;Yes;No;Passeriformes
A348;Corvus frugilegus;N;822000;2770000;5330000;LC;Declining;LC;Secure;Crows and jays;Large;N/A;2560000;Yes;No;Passeriformes
A349;Corvus corone;N;3700000;5220000;8030000;LC;Secure;LC;Secure;Crows and jays;Large;N/A;2810000;Yes;No;B
A350;Corvus corax;N;3040000;291000;554000;LC;Secure;LC;Secure;Crows and jays;Large;N/A;263000;No;No;Passeriformes
A351;Sturnus vulgaris;N;3050000;18200000;31900000;LC;Declining;LC;Secure;Starlings;Large;N/A;13700000;Yes;No;Passeriformes
A352;Sturnus unicolor;N;487000;23800000;30700000;LC;Secure;LC;Secure;Starlings;Large;N/A;6900000;Yes;Yes;Passeriformes
A355;Passer hispaniolensis;N;398000;2330000;6570000;LC;Secure;LC;Unknown;Sparrows, snowfinches and allies;Large;N/A;4240000;Yes;No;Passeriformes
A356;Passer montanus;N;2770000;11600000;18100000;LC;Depleted;LC;Declining;Sparrows, snowfinches and allies;Large;N/A;6500000;Yes;No;Passeriformes
A357;Petronia petronia;N;400000;1330000;2180000;LC;Secure;LC;Secure;Sparrows, snowfinches and allies;Large;N/A;850000;No;No;Passeriformes
A358;Montifringilla nivalis;N;85700;15900;28900;LC;Unknown;LC;Unknown;Sparrows, snowfinches and allies;Small;N/A;13000;No;No;Passeriformes
A359;Fringilla coelebs;N;-1;82300000;121000000;LC;Secure;LC;Secure;Finches;Small;N/A;38700000;Yes;No;Passeriformes
A360;Fringilla montifringilla;N;457000;2330000;4480000;LC;Depleted;VU;Threatened;Finches;Large;N/A;2150000;Yes;No;Passeriformes
A361;Serinus serinus;N;1990000;16700000;25300000;LC;Secure;LC;Secure;Finches;Large;N/A;8600000;Yes;No;Passeriformes
A363;Chloris chloris;N;3640000;15900000;22200000;LC;Secure;LC;Secure;Finches;Large;N/A;6300000;Yes;No;Passeriformes
A364;Carduelis carduelis;N;3280000;23300000;33600000;LC;Secure;LC;Secure;Finches;Large;N/A;10300000;Yes;No;Passeriformes
A369;Loxia curvirostra;N;1530000;889000;2910000;LC;Secure;LC;Secure;Finches;Large;N/A;2021000;No;No;Passeriformes
A370;Loxia pytyopsittacus;N;545000;105000;254000;LC;Secure;LC;Secure;Finches;Large;N/A;149000;No;No;Passeriformes
A371;Carpodacus erythrinus;N;618000;368000;587000;NT;Near Threatened;VU;Threatened;Finches;Large;N/A;219000;No;Yes;Threatened
A372;Pyrrhula pyrrhula;N;2130000;2250000;3990000;LC;Secure;LC;Secure;Finches;Large;N/A;1740000;Yes;No;Passeriformes
A373;Coccothraustes coccothraustes;N;1910000;2150000;3720000;LC;Secure;LC;Secure;Finches;Large;N/A;1570000;Yes;No;Passeriformes
A374;Calcarius lapponicus;N;88300;163000;358000;VU;Threatened;NT;Near Threatened;Buntings;Small;N/A;195000;No;Yes;Threatened
A375;Plectrophenax nivalis;N;47800;19000;43100;LC;Depleted;LC;Depleted;Buntings;Small;N/A;24100;No;No;Passeriformes
A376;Emberiza citrinella;N;2590000;12700000;17600000;LC;Declining;LC;Declining;Buntings;Large;N/A;4900000;Yes;No;Passeriformes
A377;Emberiza cirlus;N;1120000;2340000;4280000;LC;Secure;LC;Secure;Buntings;Large;N/A;1940000;Yes;No;Passeriformes
A378;Emberiza cia;N;494000;1570000;2890000;LC;Secure;LC;Secure;Buntings;Large;N/A;1320000;No;No;Passeriformes
A379;Emberiza hortulana;N;671000;659000;1430000;NT;Near Threatened;LC;Declining;Buntings;Large;N/A;771000;No;Yes;Declining
A380;Emberiza pusilla;N;40600;12600;33200;LC;Secure;LC;Depleted;Buntings;Small;N/A;20600;No;No;Passeriformes
A381;Emberiza schoeniclus;N;2030000;1730000;2760000;LC;Declining;LC;Secure;Buntings;Large;N/A;1030000;No;No;Passeriformes
A382;Emberiza melanocephala;N;355000;219000;543000;LC;Unknown;LC;Unknown;Buntings;Large;N/A;324000;No;No;Passeriformes
A383;Emberiza calandra;N;1600000;14800000;20800000;LC;Secure;LC;Secure;Buntings;Large;N/A;6000000;Yes;No;Passeriformes
A385;Pterodroma madeira;N;200;60;80;EN;Threatened;EN;Threatened;Petrels and shearwaters;Small;N/A;20;No;Yes;B
A387;Bulweria bulwerii;N;3800;46000;51100;LC;Unknown;LC;Unknown;Petrels and shearwaters;Small;N/A;5100;No;No;Procellariiformes
A389;Pelagodroma marina;N;300;77800;111000;EN;Threatened;EN;Threatened;Northern storm-petrels;Small;N/A;33200;No;Yes;Procellariiformes
A392;Phalacrocorax aristotelis desmarestii;N;71800;7400;9200;LC;Unknown;LC;Secure;Cormorants;Small;N/A;1800;No;No;B,W
A394;Anser albifrons albifrons;Y;-1;1550000;2330000;LC;Secure;NE;Not Evaluated;Ducks, geese and swans;Small;No;780000;No;No;Evaluated
A395;Anser albifrons flavirostris;Y;-1;20400;20500;VU;Threatened;VU;Threatened;Ducks, geese and swans;Small;No;100;No;Yes;Threatened
A396;Branta ruficollis;Y;-1;11800;71800;VU;Threatened;NT;Near Threatened;Ducks, geese and swans;Small;No;60000;No;Yes;Threatened
A397;Tadorna ferruginea;N;16800;210;340;NT;Near Threatened;NT;Near Threatened;Ducks, geese and swans;Small;N/A;130;No;No;Near
A399;Elanus caeruleus;N;71100;1300;2800;LC;Secure;LC;Secure;Hawks and eagles;Small;N/A;1500;No;No;Accipitriformes
A400;Accipiter gentilis arrigonii;N;9900;140;170;VU;Threatened;VU;Threatened;Hawks and eagles;Small;N/A;30;No;Yes;Threatened
A401;Accipiter nisus granti;N;5700;500;900;NT;Near Threatened;NT;Near Threatened;Hawks and eagles;Small;N/A;400;No;Yes;NT
A402;Accipiter brevipes;N;156000;1700;3400;LC;Secure;LC;Unknown;Hawks and eagles;Small;N/A;1700;No;No;Accipitriformes
A403;Buteo rufinus;N;137000;1100;2100;LC;Secure;LC;Secure;Hawks and eagles;Small;N/A;1000;No;No;Accipitriformes
A404;Aquila heliaca;N;30300;270;380;NT;Near Threatened;NT;Near Threatened;Hawks and eagles;Small;N/A;110;No;No;Near
A405;Aquila adalberti;N;44400;530;540;VU;Threatened;VU;Threatened;Hawks and eagles;Small;N/A;10;No;Yes;B,W
A411;Alectoris chukar;N;103000;260000;374000;LC;Secure;LC;Secure;Pheasants, partridges and grouse;Small;N/A;114000;No;No;Galliformes
A413;Alectoris graeca whitakeri;N;13500;1500;1500;LC;Unknown;NE;Not Evaluated;Pheasants, partridges and grouse;Small;N/A;0;No;No;Evaluated
A414;Perdix perdix italica;N;-1;0;0;EX;Extinct;EX;Extinct;Pheasants, partridges and grouse;Small;N/A;0;No;No;B
A415;Perdix perdix hispaniensis;N;15200;5200;22300;NT;Near Threatened;NT;Near Threatened;Pheasants, partridges and grouse;Small;N/A;17100;No;Yes;NT
A416;Chlamydotis undulata;N;1800;610;620;VU;Threatened;NT;Near Threatened;Bustards;Small;N/A;10;No;Yes;Threatened
A419;Uria aalge ibericus;N;200;0;7;CR ;Threatened;CR;Threatened;Auks;Small;N/A;7;No;Yes;CR
A420;Pterocles orientalis;N;31000;1700;4200;EN;Threatened;EN;Threatened;Sandgrouse;Small;N/A;2500;No;Yes;B
A421;Columba palumbus azorica;N;7300;42100;137000;LC;Unknown;CR;Threatened;Pigeons and doves;Small;N/A;94900;No;No;B
A422;Columba bollii;N;2100;2500;10000;LC;Unknown;LC;Unknown;Pigeons and doves;Small;N/A;7500;No;No;Columbiformes
A423;Columba junoniae;N;2900;1000;2500;NT;Near Threatened;NT;Near Threatened;Pigeons and doves;Small;N/A;1500;No;Yes;Near
A424;Apus caffer;N;8200;250;350;NT;Near Threatened;NT;Near Threatened;Swifts;Small;N/A;100;No;No;Near
A425;Apus unicolor;N;11000;7500;20000;LC;Unknown;LC;Unknown;Swifts;Small;N/A;12500;No;No;Caprimulgiformes
A427;Dendrocopos major canariensis;N;1200;200;200;VU;Threatened;VU;Threatened;Woodpeckers;Small;N/A;0;No;Yes;Threatened
A428;Dendrocopos major thanneri;N;800;1000;1000;LC;Unknown;NT;Near Threatened;Woodpeckers;Small;N/A;0;No;No;Threatened
A429;Dendrocopos syriacus;N;531000;60000;129000;LC;Unknown;LC;Unknown;Woodpeckers;Large;N/A;69000;No;No;Piciformes
A430;Chersophilus duponti;N;24800;2300;2400;VU;Threatened;VU;Threatened;Larks;Small;N/A;100;No;Yes;B
A432;Anthus berthelotii;N;13500;30000;150000;LC;Unknown;LC;Unknown;Wagtails and pipits;Small;N/A;120000;No;No;Passeriformes
A433;Lanius nubicus;N;53400;5200;14200;LC;Secure;LC;Unknown;Shrikes;Small;N/A;9000;No;No;Passeriformes
A434;Troglodytes troglodytes fridariensis;N;100;38;38;EN;Threatened;CR;Threatened;Wrens;Small;N/A;0;No;Yes;Threatened
A435;Oenanthe isabellina;N;57200;7000;25200;LC;Secure;LC;Secure;Chats and flycatchers;Small;N/A;18200;No;No;Passeriformes
A437;Saxicola dacotiae;N;2500;13300;15500;NT;Near Threatened;NT;Near Threatened;Chats and flycatchers;Small;N/A;2200;No;Yes;Threatened
A439;Hippolais olivetorum;N;117000;4700;9500;LC;Secure;LC;Secure;Warblers;Small;N/A;4800;No;No;Passeriformes
A440;Sylvia ruppeli;N;21100;3000;10000;LC;Secure;LC;Unknown;Warblers;Small;N/A;7000;No;No;Passeriformes
A442;Ficedula semitorquata;N;66000;3500;7500;LC;Unknown;LC;Unknown;Chats and flycatchers;Small;N/A;4000;No;No;Passeriformes
A444;Sitta krueperi;N;2000;540;660;NT;Near Threatened;NT;Near Threatened;Nuthatches and wallcreeper;Small;N/A;120;No;Yes;Near
A445;Sitta neumayer;N;69300;11200;31500;LC;Secure;LC;Unknown;Nuthatches and wallcreeper;Small;N/A;20300;No;No;Passeriformes
A446;Emberiza cineracea;N;3800;80;200;EN;Threatened;VU;Threatened;Buntings;Small;N/A;120;No;Yes;Threatened
A447;Emberiza caesia;N;181000;15000;40000;LC;Secure;LC;Secure;Buntings;Small;N/A;25000;No;No;Passeriformes
A448;Fringilla coelebs ombriosa;N;500;1000;5000;NT;Near Threatened;NT;Near Threatened;Finches;Small;N/A;4000;No;Yes;NT
A450;Serinus canaria;N;16900;1190000;2490000;LC;Secure;LC;Unknown;Finches;Small;N/A;1300000;No;No;Passeriformes
A451;Loxia scotica;N;-1;4000;11400;LC;Unknown;LC;Unknown;Finches;Small;N/A;7400;No;No;Passeriformes
A452;Bucanetes githagineus;N;6600;10300;20600;LC;Declining;LC;Secure;Finches;Small;N/A;10300;No;No;Passeriformes
A453;Pyrrhula murina;N;700;250;850;VU;Threatened;EN;Threatened;Finches;Small;N/A;600;No;Yes;B
A455;Columba trocaz;N;1300;10000;14000;LC;Secure;LC;Secure;Pigeons and doves;Small;N/A;4000;No;No;Columbiformes
A456;Surnia ulula;N;336000;1400;21200;LC;Secure;LC;Secure;Typical owls;Large;N/A;19800;No;No;Strigiformes
A457;Strix nebulosa;N;219000;690;1600;LC;Secure;LC;Secure;Typical owls;Small;N/A;910;No;No;Strigiformes
A459;Larus cachinnans;N;9000;5600;9600;LC;Secure;LC;Secure;Gulls and terns;Small;N/A;4000;No;No;Charadriiformes
A460-X;Meleagris gallopavo;N;-1;;;Unknown;Not Evaluated;NE;Not Evaluated;Pheasants, partridges and grouse;Small;N/A;0;No;No;Evaluated
A461;Lagopus lagopus lagopus;N;365000;108000;495000;NT;Near Threatened;EN;Threatened;Pheasants, partridges and grouse;Large;N/A;387000;No;No;Threatened
A463;Lagopus lagopus hibernica;N;17100;1900;2400;VU;Threatened;VU;Threatened;Pheasants, partridges and grouse;Small;N/A;500;No;Yes;VU
A464;Puffinus yelkouan;N;63900;23500;40400;VU;Threatened;LC;Secure;Petrels and shearwaters;Small;N/A;16900;No;Yes;B
A466;Calidris alpina schinzii;N;58100;9000;11200;EN;Threatened;EN;Secure overall, but Threatened for the Baltic population and Secure for the UK and Ireland population;Sandpipers, snipes and phalaropes;Small;N/A;2200;No;No;for
A467;Oenanthe cypriaca;N;7500;50000;100000;LC;Secure;LC;Secure;Chats and flycatchers;Small;N/A;50000;No;No;Passeriformes
A468;Sylvia melanothorax;N;7300;60000;90000;LC;Depleted;LC;Declining;Warblers;Small;N/A;30000;No;No;Passeriformes
A469;Certhia brachydactyla dorotheae;N;2100;4000;5300;LC;Secure;LC;Secure;Treecreepers;Small;N/A;1300;No;No;B
A471;Periparus ater cypriotes;N;2500;43000;79000;LC;Unknown;LC;Secure;Tits;Small;N/A;36000;No;No;B
A472;Periparus ater all others;N;2350000;10900000;18600000;LC;Secure;NE;Not Evaluated;Tits;Large;N/A;7700000;Yes;No;Not
A473;Periparus ater;N;2350000;11000000;18700000;LC;Secure;LC;Secure;Tits;Large;N/A;7700000;Yes;No;Passeriformes
A474;Acanthis flammea;N;962000;875000;2090000;LC;Depleted;LC;Secure;Finches;Large;N/A;1215000;No;No;LC
A475;Alaudala rufescens;N;15100;240000;281000;LC;Declining;LC;Declining;Larks;Small;N/A;41000;No;No;Passeriformes
A476;Linaria cannabina;N;2820000;13900000;19100000;LC;Depleted;LC;Declining;Finches;Large;N/A;5200000;Yes;No;Passeriformes
A477;Linaria flavirostris;N;59700;6000;10800;VU;Threatened;VU;Threatened;Finches;Small;N/A;4800;No;Yes;B
A478;Spinus spinus;N;1570000;2680000;4640000;LC;Secure;LC;Secure;Finches;Large;N/A;1960000;Yes;No;Passeriformes
A479;Cecropis daurica;N;539000;1370000;3190000;LC;Secure;LC;Secure;Swallows and martins;Large;N/A;1820000;No;No;Passeriformes
A480;Cyanecula svecica;N;367000;235000;484000;LC;Depleted;LC;Depleted;Chats and flycatchers;Large;N/A;249000;No;No;Passeriformes
A481;Cyanopica cooki;N;139000;356000;896000;LC;Secure;LC;Secure;Crows and jays;Small;N/A;540000;No;No;Passeriformes
A483;Cyanistes caeruleus s. str.;N;3530000;24900000;38800000;LC;Secure;LC;Secure;Tits;Large;N/A;13900000;Yes;No;Secure
A484;Cyanistes teneriffae;N;8700;20300;101000;LC;Unknown;NE;Not Evaluated;Tits;Small;N/A;80700;No;No;B
A485;Fringilla polatzeki;N;400;150;160;EN;Threatened;NE;Not Evaluated;Finches;Small;N/A;10;No;No;Evaluated
A486;Fringilla teydea s. str.;N;1300;1000;2500;NT;Near Threatened;NT;Near Threatened;Finches;Small;N/A;1500;No;Yes;D2
A487;Iduna pallida s. str.;N;244000;168000;428000;LC;Secure;LC;Unknown;Warblers;Large;N/A;260000;No;No;Secure
A488;Iduna opaca;N;13400;5000;5000;LC;Secure;LC;Secure;Warblers;Small;N/A;0;No;No;Passeriformes
A490;Poecile cinctus;N;174000;71800;196000;NT;Near Threatened;VU;Threatened;Tits;Small;N/A;124200;No;Yes;Threatened
A491;Poecile lugubris;N;224000;26000;74100;LC;Secure;LC;Unknown;Tits;Large;N/A;48100;No;No;Passeriformes
A492;Poecile montanus;N;1650000;2050000;3550000;NT;Near Threatened;VU;Threatened;Tits;Large;N/A;1500000;No;Yes;Threatened
A493;Poecile palustris;N;1760000;2880000;5180000;LC;Secure;LC;Secure;Tits;Large;N/A;2300000;Yes;No;Passeriformes
A494;Pastor roseus;N;11000;1200;35000;LC;Unknown;LC;Unknown;Starlings;Small;N/A;33800;No;No;Passeriformes
A496;Lanius meridionalis;N;160000;360000;607000;VU;Threatened;NE;Not Evaluated;Shrikes;Small;N/A;247000;No;No;Not
A497;Lophophanes cristatus;N;1930000;3490000;6000000;LC;Secure;LC;Secure;Tits;Large;N/A;2510000;Yes;No;Passeriformes
A498;Phylloscopus orientalis;N;55400;14000;37100;LC;Unknown;NE;Not Evaluated;Warblers;Small;N/A;23100;No;No;B
A499;Phylloscopus bonelli s. str.;N;428000;2360000;3120000;LC;Secure;LC;Secure;Warblers;Large;N/A;760000;No;No;Secure
A500;Sylvia sarda s. str.;N;29400;60000;65000;LC;Unknown;LC;Unknown;Warblers;Small;N/A;5000;No;No;Unknown
A506;Polysticta stelleri;Y;-1;800;1600;EN;Threatened;EN;Threatened;Ducks, geese and swans;Small;Yes;800;No;Yes;Threatened
A511;Falco cherrug;N;33800;210;280;EN;Threatened;VU;Threatened;Falcons;Small;N/A;70;No;Yes;B,W
A515;Glareola nordmanni;N;-1;0;0;RE;Threatened;CR;Threatened;Coursers and pratincoles;Small;N/A;0;No;Yes;Charadriiformes
A516;Charadrius leschenaultii;Y;-1;15;25;CR ;Threatened;CR;Threatened;Plovers;Small;Yes;10;No;Yes;Threatened
A532;Oenanthe finschii;Y;-1;150;300;NT;Near Threatened;NE;Not Evaluated;Chats and flycatchers;Small;Yes;150;No;No;Not
A533;Oenanthe pleschanka;N;1300;610;1200;LC;Unknown;LC;Unknown;Chats and flycatchers;Small;N/A;590;No;Yes;Passeriformes
A534;Tarsiger cyanurus;N;11800;750;5600;LC;Secure;LC;Secure;Chats and flycatchers;Small;N/A;4850;No;No;Passeriformes
A540;Emberiza aureola;N;-1;0;0;CR ;Threatened;CR;Threatened;Buntings;Small;N/A;0;No;Yes;Threatened
A542;Emberiza rustica;N;212000;167000;319000;LC;Depleted;VU;Threatened;Buntings;Small;N/A;152000;No;No;Passeriformes
A544;Loxia leucoptera;N;137000;2200;56000;LC;Secure;LC;Secure;Finches;Small;N/A;53800;No;No;Passeriformes
A545;Pinicola enucleator;N;127000;6800;22800;LC;Secure;LC;Secure;Finches;Small;N/A;16000;No;No;Passeriformes
A548;Perisoreus infaustus;N;352000;70500;155000;LC;Secure;LC;Secure;Crows and jays;Large;N/A;84500;No;No;Passeriformes
A569;Sylvia balearica;N;3100;14000;25000;LC;Secure;NE;Not Evaluated;Warblers;Small;N/A;11000;No;No;B
A570;Sylvia hortensis s. str.;N;100000;123000;246000;LC;Secure;LC;Secure;Warblers;Small;N/A;123000;No;No;Secure
A571;Sylvia crassirostris;N;203000;16000;62000;LC;Unknown;NE;Not Evaluated;Warblers;Small;N/A;46000;No;No;B
A572;Phylloscopus collybita s. str.;N;2990000;21200000;32700000;LC;Secure;LC;Secure;Warblers;Large;N/A;11500000;Yes;No;Secure
A573;Phylloscopus trochiloides s. str.;N;145000;41100;125000;LC;Secure;LC;Secure;Warblers;Small;N/A;83900;No;No;I
A574;Sylvia curruca;N;2250000;2440000;4040000;LC;Secure;LC;Secure;Warblers;Large;N/A;1600000;Yes;No;B
A604;Larus michahellis;N;232000;382000;491000;LC;Unknown;LC;Secure;Gulls and terns;Large;N/A;109000;No;No;Charadriiformes
A605;Phylloscopus borealis;N;3600;160;830;VU;Threatened;VU;Threatened;Warblers;Small;N/A;670;No;Yes;B
A608;Motacilla citreola;N;10800;460;850;LC;Secure;LC;Secure;Wagtails and pipits;Small;N/A;390;No;No;Passeriformes
A613;Phylloscopus canariensis;N;7400;20000;100000;LC;Unknown;LC;Secure;Warblers;Small;N/A;80000;No;No;Passeriformes
A618;Phylloscopus ibericus;N;86300;462000;768000;LC;Secure;LC;Secure;Warblers;Small;N/A;306000;No;No;Passeriformes
A620;Passer domesticus s. str.;N;2980000;109000000;144000000;LC;Depleted;LC;Depleted;Sparrows, snowfinches and allies;Large;N/A;35000000;Yes;No;Depleted
A621;Passer italiae;N;295000;2100000;3430000;VU;Threatened;NE;Not Evaluated;Sparrows, snowfinches and allies;Large;N/A;1330000;No;No;Evaluated
A623;Carduelis citrinella s. str.;N;73900;240000;263000;LC;Secure;LC;Secure;Finches;Small;N/A;23000;No;No;Secure
A629;Lagopus lagopus rossica;N;1700;10;21;CR ;Threatened;NE;Not Evaluated;Pheasants, partridges and grouse;Small;N/A;11;No;No;NE
A637;Certhia brachydactyla all others;N;1730000;4770000;7690000;LC;Secure;NE;Not Evaluated;Treecreepers;Large;N/A;2920000;Yes;No;Not
A644;Perdix perdix all others;N;1270000;762000;1290000;VU;Threatened;NE;Not Evaluated;Pheasants, partridges and grouse;Large;N/A;528000;No;No;NE
A652;Regulus madeirensis;N;1600;50000;100000;LC;Secure;LC;Secure;Goldcrests;Small;N/A;50000;No;No;Passeriformes
A657;Fringilla coelebs all others;N;4630000;82300000;121000000;LC;Secure;NE;Not Evaluated;Finches;Large;N/A;38700000;Yes;No;Not
A658;Dendrocopos major all others;N;3200000;4540000;6980000;LC;Secure;NE;Not Evaluated;Woodpeckers;Large;N/A;2440000;Yes;No;Not
A663;Phoenicopterus roseus;N;7500;24600;84500;LC;Secure;LC;Secure;Flamingos;Small;N/A;59900;No;No;Phoenicopteriformes
A666;Anthus petrosus;N;162000;64700;82300;LC;Unknown;LC;Unknown;Wagtails and pipits;Small;N/A;17600;No;No;Passeriformes
A669;Carduelis corsicana;N;17500;13000;25500;LC;Unknown;LC;Unknown;Finches;Small;N/A;12500;No;No;Passeriformes
A672;Calidris alpina alpina;N;88200;21500;39500;LC;Secure;NE;Not Evaluated;Sandpipers, snipes and phalaropes;Small;N/A;18000;No;No;Evaluated
A676;Troglodytes troglodytes all others;N;3300000;29700000;48400000;LC;Secure;NE;Not Evaluated;Wrens;Large;N/A;18700000;Yes;No;Not
A677;Apus affinis;N;1000;22;22;VU;Threatened;VU;Threatened;Swifts;Small;N/A;0;No;No;B
A679;Acrocephalus dumetorum;N;233000;120000;313000;LC;Secure;LC;Secure;Warblers;Large;N/A;193000;No;No;Passeriformes
A680;Acrocephalus agricola;N;470;3000;20200;LC;Unknown;LC;Unknown;Warblers;Small;N/A;17200;No;No;Passeriformes
A684;Phalacrocorax aristotelis aristotelis;N;71600;27900;35200;LC;Depleted;NE;Not Evaluated;Cormorants;Small;N/A;7300;No;No;Evaluated
A686;Iduna caligata;N;7600;460;1800;LC;Secure;LC;Unknown;Warblers;Small;N/A;1340;No;No;Passeriformes
A687;Columba palumbus palumbus;N;3520000;18900000;25900000;LC;Secure;NE;Not Evaluated;Pigeons and doves;Large;N/A;7000000;Yes;No;Evaluated
A693;Puffinus mauretanicus;N;1700;2900;3000;CR ;Threatened;CR;Threatened;Petrels and shearwaters;Small;N/A;100;No;Yes;B,W
A701;Anser fabalis fabalis;N;102000;1200;3100;VU;Threatened;NE;Not Evaluated;Ducks, geese and swans;Small;N/A;1900;No;No;Not
A702;Anser fabalis rossicus;Y;-1;647000;878000;LC;Secure;NE;Not Evaluated;Ducks, geese and swans;Small;No;231000;No;No;Evaluated
A707;Aquila fasciata;N;153000;1000;1200;LC;Secure;NT;Near Threatened;Hawks and eagles;Small;N/A;200;No;No;B
A711;Lagopus lagopus scotica;N;87200;264000;265000;LC;Secure;LC;Secure;Pheasants, partridges and grouse;Small;N/A;1000;No;No;B
A712;Lagopus muta pyrenaica;N;7000;1300;5400;NT;Near Threatened;NT;Near Threatened;Pheasants, partridges and grouse;Small;N/A;4100;No;Yes;NT
A713;Lagopus muta helvetica;N;88200;23400;31800;LC;Secure;LC;Secure;Pheasants, partridges and grouse;Small;N/A;8400;No;No;B
A716;Francolinus francolinus francolinus;N;6900;3600;7600;LC;Secure;NE;Not Evaluated;Pheasants, partridges and grouse;Small;N/A;4000;No;No;Evaluated
A717;Turnix sylvaticus;N;-1;0;0;RE;Threatened;CR (PE);Threatened;Buttonquails;Small;N/A;0;No;Yes;B
A722;Porphyrio porphyrio porphyrio;N;32900;4000;4800;LC;Secure;LC;Secure;Rails, gallinules and coots;Small;N/A;800;No;No;B
A727;Eudromias morinellus;N;98900;3700;7800;LC;Unknown;LC;Secure;Plovers;Small;N/A;4100;No;No;Charadriiformes
A728;Vanellus spinosus;N;4400;80;130;VU;Threatened;VU;Threatened;Plovers;Small;N/A;50;No;No;B,W
A734;Chlidonias hybrida;N;41900;25100;41500;LC;Unknown;LC;Unknown;Gulls and terns;Small;N/A;16400;No;No;Charadriiformes
A736;Bubo scandiacus;N;5200;0;47;CR ;Threatened;CR;Threatened;Typical owls;Small;N/A;47;No;Yes;B
A738;Delichon urbicum;N;3530000;8550000;18600000;LC;Depleted;LC;Depleted;Swallows and martins;Large;N/A;10050000;Yes;No;Passeriformes
A767;Mergellus albellus;N;145000;2800;6900;LC;Secure;LC;Secure;Ducks, geese and swans;Small;N/A;4100;No;No;Anseriformes
A773;Ardea alba;N;110000;7700;10800;LC;Secure;LC;Secure;Herons;Small;N/A;3100;No;No;Pelecaniformes
A798;Larus armenicus;Y;-1;50;200;VU;Threatened;NE;Not Evaluated;Gulls and terns;Small;Yes;150;No;No;Evaluated
A800;Larus ichthyaetus;N;-1;0;0;Unknown;Not Evaluated;NE;Not Evaluated;Gulls and terns;Small;N/A;0;No;No;Evaluated
A839;Lagopus muta;N;197000;113000;247000;LC;Secure;VU;Threatened;Pheasants, partridges and grouse;Small;N/A;134000;No;No;Galliformes
A850;Calonectris diomedea s. str.;N;122000;28500;47100;LC;Unknown;LC;Secure;Petrels and shearwaters;Small;N/A;18600;No;No;Unknown
A851;Calonectris borealis;N;12700;251000;253000;LC;Unknown;LC;Unknown;Petrels and shearwaters;Small;N/A;2000;No;No;Procellariiformes
A854;Hydrobates leucorhous;N;500;36700;65200;VU;Threatened;VU;Threatened;Northern storm-petrels;Small;N/A;28500;No;Yes;B
A855;Mareca penelope;N;508000;41600;70100;VU;Threatened;VU;Threatened;Ducks, geese and swans;Large;N/A;28500;No;Yes;B,W
A856;Spatula querquedula;N;337000;9100;18200;VU;Threatened;VU;Threatened;Ducks, geese and swans;Large;N/A;9100;No;Yes;B
A857;Spatula clypeata;N;481000;24100;34500;NT;Near Threatened;LC;Depleted;Ducks, geese and swans;Large;N/A;10400;No;Yes;Depleted
A858;Clanga pomarina;N;196000;10800;15300;LC;Secure;LC;Secure;Hawks and eagles;Small;N/A;4500;No;No;Accipitriformes
A859;Clanga clanga;N;3100;18;31;CR ;Threatened;CR;Threatened;Hawks and eagles;Small;N/A;13;No;Yes;Threatened
A860;Calidris falcinellus;N;135000;18300;32900;VU;Threatened;LC;Unknown;Sandpipers, snipes and phalaropes;Small;N/A;14600;No;Yes;B
A861;Calidris pugnax;N;223000;41500;94700;NT;Near Threatened;EN;Threatened;Sandpipers, snipes and phalaropes;Large;N/A;53200;No;Yes;Threatened
A862;Hydrocoloeus minutus;N;182000;11700;16000;LC;Secure;LC;Secure;Gulls and terns;Small;N/A;4300;No;No;Charadriiformes
A863;Thalasseus sandvicensis;N;24800;59000;68700;LC;Secure;LC;Secure;Gulls and terns;Small;N/A;9700;No;No;Charadriiformes
A866;Picus viridis s. str.;N;2010000;500000;912000;LC;Secure;LC;Secure;Woodpeckers;Large;N/A;412000;No;No;Secure
A867;Picus sharpei;N;184000;244000;469000;LC;Declining;NT;Near Threatened;Woodpeckers;Small;N/A;225000;No;No;B
A868;Leiopicus medius;N;1040000;254000;562000;LC;Secure;LC;Secure;Woodpeckers;Large;N/A;308000;No;No;Piciformes
A869;Dryobates minor;N;1730000;177000;374000;NT;Near Threatened;LC;Secure;Woodpeckers;Large;N/A;197000;No;Yes;Secure
A872;Pterodroma deserta;N;200;160;180;VU;Threatened;VU;Threatened;Petrels and shearwaters;Small;N/A;20;No;Yes;B
A874;Hydrobates castro;N;2500;6600;2200;LC;Unknown;LC;Unknown;Northern storm-petrels;Small;N/A;-4400;No;No;Procellariiformes
A875;Microcarbo pygmaeus;N;21600;16100;18300;LC;Secure;LC;Secure;Cormorants;Small;N/A;2200;No;No;Suliformes
A876;Lyrurus tetrix tetrix;N;911000;518000;863000;VU;Threatened;NE;Not Evaluated;Pheasants, partridges and grouse;Large;N/A;345000;No;No;Not
A877;Lyrurus tetrix britannicus;N;43300;4800;4900;LC;Depleted;VU;Threatened;Pheasants, partridges and grouse;Small;N/A;100;No;No;B
A878;Alectoris graeca all others;N;186000;24000;36200;NT;Near Threatened;NE;Not Evaluated;Pheasants, partridges and grouse;Small;N/A;12200;No;No;C
A880;Puffinus lherminieri;N;4000;2500;5900;NT;Near Threatened;NT;Near Threatened;Petrels and shearwaters;Small;N/A;3400;No;Yes;C
A882;Onychoprion fuscatus;N;-1;1;1;CR ;Threatened;NE;Not Evaluated;Gulls and terns;Small;N/A;0;No;No;Evaluated
A884;Hydrobates monteiroi;N;-1;360;390;VU;Threatened;VU;Threatened;Northern storm-petrels;Small;N/A;30;No;Yes;B
A885;Sternula albifrons;N;100000;12600;18100;LC;Secure;LC;Secure;Gulls and terns;Small;N/A;5500;No;No;Charadriiformes
A887;Uria aalge all others;N;32300;1650000;1670000;LC;Secure;NE;Not Evaluated;Auks;Small;N/A;20000;No;No;Not
A889;Mareca strepera;N;546000;52400;77500;LC;Secure;LC;Secure;Ducks, geese and swans;Large;N/A;25100;No;No;Anseriformes
A891;Lagopus muta all others;N;102000;89000;210000;LC;Secure;NE;Not Evaluated;Pheasants, partridges and grouse;Small;N/A;121000;No;No;Not
A892;Zapornia parva;N;54400;6000;16400;LC;Unknown;LC;Unknown;Rails, gallinules and coots;Small;N/A;10400;No;No;Gruiformes
A893;Zapornia pusilla;N;9800;110;300;NT;Near Threatened;NT;Near Threatened;Rails, gallinules and coots;Small;N/A;190;No;No;Near
A894;Hydroprogne caspia;N;34800;1700;2100;LC;Depleted;NT;Near Threatened;Gulls and terns;Small;N/A;400;No;No;B,W
A897;Spilopelia senegalensis;N;600;60;80;NT;Near Threatened;NE;Not Evaluated;Pigeons and doves;Small;N/A;20;No;No;Not
A898;Accipiter nisus all others;N;2760000;198000;341000;LC;Secure;NE;Not Evaluated;Hawks and eagles;Large;N/A;143000;No;No;Not
A899;Accipiter gentilis all others;N;1890000;56300;95300;LC;Secure;NE;Not Evaluated;Hawks and eagles;Large;N/A;39000;No;No;Not
A900;Melanitta nigra s. str.;N;165000;6000;9900;LC;Unknown;LC;Secure;Ducks, geese and swans;Small;N/A;3900;No;No;Unknown
A907;Sylvia subalpina;N;65600;51000;133000;LC;Secure;NE;Not Evaluated;Warblers;Small;N/A;82000;No;No;B
A909;Lyrurus tetrix;N;954000;523000;868000;VU;Threatened;LC;Depleted;Pheasants, partridges and grouse;Large;N/A;345000;No;Yes;B
