datasetb;;;
country;speciescode;speciesname;nationally_hunted
AT;A036;Cygnus olor;No
AT;A036;Cygnus olor;No
DE;A036;Cygnus olor;Yes
BE;A040-A;Anser brachyrhynchus;No
DK;A040-A;Anser brachyrhynchus;Yes
IE;A040-B;Anser brachyrhynchus;No
UK;A040-B;Anser brachyrhynchus;Yes
GR;A043;Anser anser;No
GR;A043;Anser anser;No
FI;A043;Anser anser;Yes
FR;A043;Anser anser;Yes
HR;A043;Anser anser;No
HR;A043;Anser anser;No
RO;A043;Anser anser;Yes
ES;A043;Anser anser;Yes
ES;A043;Anser anser;Yes
UK;A043;Anser anser;Yes
UK;A043;Anser anser;Yes
HU;A043;Anser anser;Yes
HU;A043;Anser anser;Yes
BG;A043;Anser anser;No
BG;A043;Anser anser;No
CZ;A043;Anser anser;Yes
DE;A043;Anser anser;Yes
DK;A043;Anser anser;Yes
EE;A043;Anser anser;Yes
SI;A043;Anser anser;No
SI;A043;Anser anser;No
SK;A043;Anser anser;Yes
AT;A043;Anser anser;Yes
BE;A043;Anser anser;Yes
BG;A043;Anser anser;No
LV;A043;Anser anser;Yes
NL;A043;Anser anser;No
NL;A043;Anser anser;No
PT;A043;Anser anser;No
SE;A043;Anser anser;Yes
PL;A043;Anser anser;Yes
HR;A043;Anser anser;No
IE;A043;Anser anser;Yes
IT;A043;Anser anser;No
IT;A043;Anser anser;No
LT;A043;Anser anser;No
LT;A043;Anser anser;No
IE;A043-X;Anser anser;Yes
FI;A044-X;Branta canadensis;Yes
FR;A044-X;Branta canadensis;Yes
IE;A044-X;Branta canadensis;Yes
LU;A044-X;Branta canadensis;No
NL;A044-X;Branta canadensis;No
SE;A044-X;Branta canadensis;Yes
PL;A044-X;Branta canadensis;No
BE;A044-X;Branta canadensis;Yes
DE;A044-X;Branta canadensis;Yes
DK;A044-X;Branta canadensis;No
UK;A044-X;Branta canadensis;Yes
GR;A052;Anas crecca;Yes
FI;A052;Anas crecca;Yes
FR;A052;Anas crecca;Yes
HR;A052;Anas crecca;Yes
HR;A052;Anas crecca;Yes
IE;A052;Anas crecca;Yes
UK;A052;Anas crecca;Yes
HU;A052;Anas crecca;No
HU;A052;Anas crecca;No
RO;A052;Anas crecca;Yes
DE;A052;Anas crecca;Yes
DK;A052;Anas crecca;Yes
EE;A052;Anas crecca;Yes
ES;A052;Anas crecca;Yes
SK;A052;Anas crecca;No
UK;A052;Anas crecca;Yes
SI;A052;Anas crecca;No
AT;A052;Anas crecca;Yes
BE;A052;Anas crecca;Yes
BG;A052;Anas crecca;Yes
CY;A052;Anas crecca;Yes
CZ;A052;Anas crecca;No
NL;A052;Anas crecca;No
PT;A052;Anas crecca;Yes
SE;A052;Anas crecca;Yes
PL;A052;Anas crecca;Yes
PT;A052;Anas crecca;Yes
SI;A052;Anas crecca;No
IT;A052;Anas crecca;Yes
LT;A052;Anas crecca;Yes
LU;A052;Anas crecca;No
LV;A052;Anas crecca;Yes
MT;A052;Anas crecca;Yes
NL;A052;Anas crecca;No
GR;A053;Anas platyrhynchos;Yes
FI;A053;Anas platyrhynchos;Yes
FR;A053;Anas platyrhynchos;Yes
HR;A053;Anas platyrhynchos;Yes
HR;A053;Anas platyrhynchos;Yes
HR;A053;Anas platyrhynchos;Yes
UK;A053;Anas platyrhynchos;No
UK;A053;Anas platyrhynchos;Yes
HU;A053;Anas platyrhynchos;Yes
HU;A053;Anas platyrhynchos;Yes
RO;A053;Anas platyrhynchos;Yes
CZ;A053;Anas platyrhynchos;Yes
DE;A053;Anas platyrhynchos;Yes
DK;A053;Anas platyrhynchos;Yes
EE;A053;Anas platyrhynchos;Yes
ES;A053;Anas platyrhynchos;Yes
SK;A053;Anas platyrhynchos;Yes
PT;A053;Anas platyrhynchos;Yes
SI;A053;Anas platyrhynchos;Yes
AT;A053;Anas platyrhynchos;Yes
BE;A053;Anas platyrhynchos;Yes
BG;A053;Anas platyrhynchos;Yes
CY;A053;Anas platyrhynchos;Yes
MT;A053;Anas platyrhynchos;Yes
NL;A053;Anas platyrhynchos;No
NL;A053;Anas platyrhynchos;No
PT;A053;Anas platyrhynchos;Yes
SE;A053;Anas platyrhynchos;Yes
PL;A053;Anas platyrhynchos;Yes
IE;A053;Anas platyrhynchos;Yes
IT;A053;Anas platyrhynchos;Yes
LT;A053;Anas platyrhynchos;Yes
LU;A053;Anas platyrhynchos;Yes
LV;A053;Anas platyrhynchos;Yes
MT;A053;Anas platyrhynchos;Yes
GR;A054;Anas acuta;Yes
FI;A054;Anas acuta;Yes
FR;A054;Anas acuta;Yes
HR;A054;Anas acuta;No
HR;A054;Anas acuta;No
IE;A054;Anas acuta;Yes
UK;A054;Anas acuta;Yes
HU;A054;Anas acuta;No
HU;A054;Anas acuta;No
RO;A054;Anas acuta;Yes
CZ;A054;Anas acuta;No
DE;A054;Anas acuta;Yes
DK;A054;Anas acuta;Yes
EE;A054;Anas acuta;Yes
ES;A054;Anas acuta;Yes
UK;A054;Anas acuta;No
AT;A054;Anas acuta;Yes
BE;A054;Anas acuta;No
BE;A054;Anas acuta;No
BE;A054;Anas acuta;No
BG;A054;Anas acuta;Yes
CY;A054;Anas acuta;Yes
PL;A054;Anas acuta;No
PL;A054;Anas acuta;No
PT;A054;Anas acuta;No
SI;A054;Anas acuta;No
SI;A054;Anas acuta;No
SK;A054;Anas acuta;No
NL;A054;Anas acuta;No
PT;A054;Anas acuta;Yes
SE;A054;Anas acuta;No
SE;A054;Anas acuta;No
SE;A054;Anas acuta;No
PL;A054;Anas acuta;No
IT;A054;Anas acuta;Yes
LT;A054;Anas acuta;No
LT;A054;Anas acuta;No
LV;A054;Anas acuta;Yes
MT;A054;Anas acuta;Yes
NL;A054;Anas acuta;No
FR;A058;Netta rufina;Yes
ES;A058;Netta rufina;Yes
ES;A058;Netta rufina;Yes
GR;A059;Aythya ferina;Yes
FI;A059;Aythya ferina;Yes
FR;A059;Aythya ferina;Yes
HR;A059;Aythya ferina;Yes
HR;A059;Aythya ferina;Yes
HR;A059;Aythya ferina;Yes
UK;A059;Aythya ferina;Yes
HU;A059;Aythya ferina;No
HU;A059;Aythya ferina;No
RO;A059;Aythya ferina;Yes
DK;A059;Aythya ferina;Yes
EE;A059;Aythya ferina;Yes
ES;A059;Aythya ferina;Yes
ES;A059;Aythya ferina;Yes
SK;A059;Aythya ferina;Yes
UK;A059;Aythya ferina;No
BG;A059;Aythya ferina;No
BG;A059;Aythya ferina;No
BG;A059;Aythya ferina;No
CY;A059;Aythya ferina;Yes
CZ;A059;Aythya ferina;Yes
DE;A059;Aythya ferina;Yes
PL;A059;Aythya ferina;Yes
SI;A059;Aythya ferina;No
SI;A059;Aythya ferina;No
AT;A059;Aythya ferina;Yes
BE;A059;Aythya ferina;No
BE;A059;Aythya ferina;No
MT;A059;Aythya ferina;Yes
NL;A059;Aythya ferina;No
NL;A059;Aythya ferina;No
PT;A059;Aythya ferina;Yes
SE;A059;Aythya ferina;No
SE;A059;Aythya ferina;No
IE;A059;Aythya ferina;Yes
IT;A059;Aythya ferina;Yes
LT;A059;Aythya ferina;Yes
LU;A059;Aythya ferina;No
LU;A059;Aythya ferina;No
LV;A059;Aythya ferina;Yes
GR;A061;Aythya fuligula;Yes
FI;A061;Aythya fuligula;Yes
FR;A061;Aythya fuligula;Yes
HR;A061;Aythya fuligula;Yes
HR;A061;Aythya fuligula;Yes
HR;A061;Aythya fuligula;Yes
SK;A061;Aythya fuligula;Yes
UK;A061;Aythya fuligula;Yes
HU;A061;Aythya fuligula;No
HU;A061;Aythya fuligula;No
RO;A061;Aythya fuligula;Yes
CY;A061;Aythya fuligula;Yes
CZ;A061;Aythya fuligula;Yes
DE;A061;Aythya fuligula;Yes
DK;A061;Aythya fuligula;Yes
EE;A061;Aythya fuligula;Yes
ES;A061;Aythya fuligula;Yes
SI;A061;Aythya fuligula;No
SI;A061;Aythya fuligula;No
AT;A061;Aythya fuligula;Yes
BE;A061;Aythya fuligula;No
BE;A061;Aythya fuligula;No
BG;A061;Aythya fuligula;Yes
NL;A061;Aythya fuligula;No
NL;A061;Aythya fuligula;No
PT;A061;Aythya fuligula;Yes
SE;A061;Aythya fuligula;Yes
PL;A061;Aythya fuligula;Yes
PT;A061;Aythya fuligula;No
IE;A061;Aythya fuligula;Yes
IT;A061;Aythya fuligula;Yes
LT;A061;Aythya fuligula;Yes
LU;A061;Aythya fuligula;No
LU;A061;Aythya fuligula;No
LV;A061;Aythya fuligula;Yes
GR;A062;Aythya marila;No
FR;A062;Aythya marila;Yes
IE;A062;Aythya marila;Yes
LV;A062;Aythya marila;Yes
NL;A062;Aythya marila;No
BE;A062;Aythya marila;No
DE;A062;Aythya marila;Yes
DK;A062;Aythya marila;Yes
UK;A062;Aythya marila;No
UK;A062;Aythya marila;No
RO;A062;Aythya marila;Yes
FI;A063;Somateria mollissima;Yes
FR;A063;Somateria mollissima;No
IE;A063;Somateria mollissima;No
IE;A063;Somateria mollissima;No
SE;A063;Somateria mollissima;Yes
DK;A063;Somateria mollissima;Yes
EE;A063;Somateria mollissima;Yes
FI;A064;Clangula hyemalis;Yes
IE;A064;Clangula hyemalis;No
LV;A064;Clangula hyemalis;Yes
SE;A064;Clangula hyemalis;Yes
DK;A064;Clangula hyemalis;Yes
EE;A064;Clangula hyemalis;Yes
UK;A064;Clangula hyemalis;No
FI;A066;Melanitta fusca;No
FI;A066;Melanitta fusca;No
FI;A066;Melanitta fusca;No
IE;A066;Melanitta fusca;No
DE;A066;Melanitta fusca;Yes
DK;A066;Melanitta fusca;Yes
UK;A066;Melanitta fusca;No
LV;A066;Melanitta fusca;Yes
SE;A066;Melanitta fusca;No
SE;A066;Melanitta fusca;No
GR;A067;Bucephala clangula;No
FI;A067;Bucephala clangula;Yes
FR;A067;Bucephala clangula;No
IE;A067;Bucephala clangula;Yes
LT;A067;Bucephala clangula;Yes
LV;A067;Bucephala clangula;Yes
HU;A067;Bucephala clangula;No
RO;A067;Bucephala clangula;Yes
SE;A067;Bucephala clangula;Yes
AT;A067;Bucephala clangula;Yes
DK;A067;Bucephala clangula;Yes
EE;A067;Bucephala clangula;Yes
UK;A067;Bucephala clangula;No
UK;A067;Bucephala clangula;Yes
FI;A069;Mergus serrator;Yes
IE;A069;Mergus serrator;No
IE;A069;Mergus serrator;No
MT;A069;Mergus serrator;Yes
SE;A069;Mergus serrator;Yes
DK;A069;Mergus serrator;Yes
FI;A070;Mergus merganser;Yes
IE;A070;Mergus merganser;No
SE;A070;Mergus merganser;Yes
DK;A070;Mergus merganser;Yes
FI;A104;Bonasa bonasia;Yes
FR;A104;Bonasa bonasia;Yes
RO;A104;Bonasa bonasia;Yes
SK;A104;Bonasa bonasia;Yes
AT;A104;Bonasa bonasia;Yes
EE;A104;Bonasa bonasia;Yes
LV;A104;Bonasa bonasia;Yes
SE;A104;Bonasa bonasia;Yes
PL;A104;Bonasa bonasia;No
FR;A110;Alectoris rufa;Yes
IT;A110;Alectoris rufa;Yes
PT;A110;Alectoris rufa;Yes
ES;A110;Alectoris rufa;Yes
PT;A110-X;Alectoris rufa;No
PT;A110-X;Alectoris rufa;No
ES;A110-X;Alectoris rufa;Yes
UK;A110-X;Alectoris rufa;Yes
IT;A111;Alectoris barbara;Yes
ES;A111;Alectoris barbara;Yes
GR;A113;Coturnix coturnix;Yes
FR;A113;Coturnix coturnix;Yes
HR;A113;Coturnix coturnix;Yes
IT;A113;Coturnix coturnix;Yes
MT;A113;Coturnix coturnix;Yes
PT;A113;Coturnix coturnix;Yes
ES;A113;Coturnix coturnix;Yes
RO;A113;Coturnix coturnix;Yes
PT;A113;Coturnix coturnix;Yes
PT;A113;Coturnix coturnix;No
AT;A113;Coturnix coturnix;Yes
BG;A113;Coturnix coturnix;Yes
CY;A113;Coturnix coturnix;Yes
ES;A113;Coturnix coturnix;Yes
GR;A115;Phasianus colchicus;No
GR;A115-X;Phasianus colchicus;No
FI;A115-X;Phasianus colchicus;Yes
FR;A115-X;Phasianus colchicus;Yes
HR;A115-X;Phasianus colchicus;Yes
IE;A115-X;Phasianus colchicus;No
IT;A115-X;Phasianus colchicus;Yes
DE;A115-X;Phasianus colchicus;Yes
DK;A115-X;Phasianus colchicus;No
ES;A115-X;Phasianus colchicus;Yes
UK;A115-X;Phasianus colchicus;Yes
HU;A115-X;Phasianus colchicus;Yes
RO;A115-X;Phasianus colchicus;Yes
SI;A115-X;Phasianus colchicus;Yes
SK;A115-X;Phasianus colchicus;Yes
AT;A115-X;Phasianus colchicus;Yes
BE;A115-X;Phasianus colchicus;Yes
BG;A115-X;Phasianus colchicus;Yes
CZ;A115-X;Phasianus colchicus;Yes
LU;A115-X;Phasianus colchicus;Yes
LV;A115-X;Phasianus colchicus;Yes
NL;A115-X;Phasianus colchicus;No
PT;A115-X;Phasianus colchicus;Yes
SE;A115-X;Phasianus colchicus;Yes
PL;A115-X;Phasianus colchicus;Yes
FR;A118;Rallus aquaticus;Yes
IT;A118;Rallus aquaticus;Yes
MT;A118;Rallus aquaticus;Yes
GR;A123;Gallinula chloropus;Yes
FR;A123;Gallinula chloropus;Yes
IT;A123;Gallinula chloropus;Yes
MT;A123;Gallinula chloropus;Yes
PT;A123;Gallinula chloropus;Yes
PT;A123;Gallinula chloropus;No
PT;A123;Gallinula chloropus;No
BE;A123;Gallinula chloropus;No
UK;A123;Gallinula chloropus;Yes
RO;A123;Gallinula chloropus;Yes
GR;A125;Fulica atra;Yes
FI;A125;Fulica atra;Yes
FR;A125;Fulica atra;Yes
HR;A125;Fulica atra;Yes
HR;A125;Fulica atra;Yes
HR;A125;Fulica atra;Yes
UK;A125;Fulica atra;Yes
UK;A125;Fulica atra;No
HU;A125;Fulica atra;Yes
HU;A125;Fulica atra;Yes
RO;A125;Fulica atra;Yes
DK;A125;Fulica atra;Yes
EE;A125;Fulica atra;Yes
ES;A125;Fulica atra;Yes
ES;A125;Fulica atra;Yes
ES;A125;Fulica atra;No
SK;A125;Fulica atra;Yes
AT;A125;Fulica atra;Yes
BE;A125;Fulica atra;Yes
BG;A125;Fulica atra;Yes
CY;A125;Fulica atra;Yes
CZ;A125;Fulica atra;Yes
DE;A125;Fulica atra;Yes
SE;A125;Fulica atra;No
PL;A125;Fulica atra;Yes
PT;A125;Fulica atra;No
PT;A125;Fulica atra;No
SI;A125;Fulica atra;No
SI;A125;Fulica atra;No
LV;A125;Fulica atra;Yes
MT;A125;Fulica atra;Yes
NL;A125;Fulica atra;No
NL;A125;Fulica atra;No
PT;A125;Fulica atra;Yes
SE;A125;Fulica atra;No
IE;A125;Fulica atra;No
IE;A125;Fulica atra;No
IT;A125;Fulica atra;Yes
LT;A125;Fulica atra;Yes
LU;A125;Fulica atra;No
LU;A125;Fulica atra;No
FR;A130;Haematopus ostralegus;Yes
DK;A130;Haematopus ostralegus;No
DK;A130;Haematopus ostralegus;No
GR;A140;Pluvialis apricaria;No
FR;A140;Pluvialis apricaria;Yes
UK;A140;Pluvialis apricaria;Yes
UK;A140;Pluvialis apricaria;No
DK;A140;Pluvialis apricaria;No
BE;A140;Pluvialis apricaria;No
BE;A140;Pluvialis apricaria;No
MT;A140;Pluvialis apricaria;Yes
NL;A140;Pluvialis apricaria;No
PT;A140;Pluvialis apricaria;Yes
IE;A140;Pluvialis apricaria;Yes
FR;A141;Pluvialis squatarola;Yes
MT;A141;Pluvialis squatarola;Yes
DK;A141;Pluvialis squatarola;No
UK;A141;Pluvialis squatarola;No
GR;A142;Vanellus vanellus;Yes
FR;A142;Vanellus vanellus;Yes
IE;A142;Vanellus vanellus;No
IE;A142;Vanellus vanellus;No
IT;A142;Vanellus vanellus;Yes
MT;A142;Vanellus vanellus;Yes
BE;A142;Vanellus vanellus;No
BE;A142;Vanellus vanellus;No
DK;A142;Vanellus vanellus;No
DK;A142;Vanellus vanellus;No
ES;A142;Vanellus vanellus;Yes
FR;A143;Calidris canutus;Yes
DK;A143;Calidris canutus;No
GR;A152;Lymnocryptes minimus;No
FI;A152;Lymnocryptes minimus;No
FR;A152;Lymnocryptes minimus;Yes
HR;A152;Lymnocryptes minimus;No
IE;A152;Lymnocryptes minimus;Yes
IT;A152;Lymnocryptes minimus;Yes
ES;A152;Lymnocryptes minimus;Yes
UK;A152;Lymnocryptes minimus;Yes
HU;A152;Lymnocryptes minimus;No
RO;A152;Lymnocryptes minimus;Yes
BG;A152;Lymnocryptes minimus;No
CY;A152;Lymnocryptes minimus;Yes
CZ;A152;Lymnocryptes minimus;No
DE;A152;Lymnocryptes minimus;No
DK;A152;Lymnocryptes minimus;No
EE;A152;Lymnocryptes minimus;No
SE;A152;Lymnocryptes minimus;No
PL;A152;Lymnocryptes minimus;No
SI;A152;Lymnocryptes minimus;No
SK;A152;Lymnocryptes minimus;No
AT;A152;Lymnocryptes minimus;No
BE;A152;Lymnocryptes minimus;No
LT;A152;Lymnocryptes minimus;No
LU;A152;Lymnocryptes minimus;No
LV;A152;Lymnocryptes minimus;No
MT;A152;Lymnocryptes minimus;Yes
NL;A152;Lymnocryptes minimus;No
PT;A152;Lymnocryptes minimus;Yes
FI;A153;Gallinago gallinago;No
FR;A153;Gallinago gallinago;Yes
HR;A153;Gallinago gallinago;Yes
IE;A153;Gallinago gallinago;Yes
LT;A153;Gallinago gallinago;Yes
LU;A153;Gallinago gallinago;No
HU;A153;Gallinago gallinago;No
RO;A153;Gallinago gallinago;Yes
ES;A153;Gallinago gallinago;Yes
ES;A153;Gallinago gallinago;No
GR;A153;Gallinago gallinago;Yes
SK;A153;Gallinago gallinago;No
UK;A153;Gallinago gallinago;Yes
UK;A153;Gallinago gallinago;No
BG;A153;Gallinago gallinago;Yes
CY;A153;Gallinago gallinago;Yes
CZ;A153;Gallinago gallinago;No
DE;A153;Gallinago gallinago;No
DK;A153;Gallinago gallinago;No
EE;A153;Gallinago gallinago;Yes
PT;A153;Gallinago gallinago;Yes
SI;A153;Gallinago gallinago;No
SI;A153;Gallinago gallinago;No
AT;A153;Gallinago gallinago;Yes
BE;A153;Gallinago gallinago;No
BE;A153;Gallinago gallinago;No
LV;A153;Gallinago gallinago;No
MT;A153;Gallinago gallinago;Yes
NL;A153;Gallinago gallinago;No
PT;A153;Gallinago gallinago;Yes
SE;A153;Gallinago gallinago;No
PL;A153;Gallinago gallinago;No
GR;A155;Scolopax rusticola;Yes
FI;A155;Scolopax rusticola;Yes
FR;A155;Scolopax rusticola;Yes
HR;A155;Scolopax rusticola;Yes
IE;A155;Scolopax rusticola;Yes
IT;A155;Scolopax rusticola;Yes
HU;A155;Scolopax rusticola;Yes
RO;A155;Scolopax rusticola;Yes
DK;A155;Scolopax rusticola;No
EE;A155;Scolopax rusticola;Yes
ES;A155;Scolopax rusticola;Yes
ES;A155;Scolopax rusticola;No
SK;A155;Scolopax rusticola;Yes
UK;A155;Scolopax rusticola;No
AT;A155;Scolopax rusticola;Yes
BE;A155;Scolopax rusticola;Yes
BG;A155;Scolopax rusticola;Yes
CY;A155;Scolopax rusticola;Yes
CZ;A155;Scolopax rusticola;No
DE;A155;Scolopax rusticola;Yes
SE;A155;Scolopax rusticola;Yes
PL;A155;Scolopax rusticola;Yes
PT;A155;Scolopax rusticola;Yes
PT;A155;Scolopax rusticola;No
GIB;A155;Scolopax rusticola;No
SI;A155;Scolopax rusticola;No
LT;A155;Scolopax rusticola;Yes
LU;A155;Scolopax rusticola;No
LV;A155;Scolopax rusticola;Yes
MT;A155;Scolopax rusticola;Yes
NL;A155;Scolopax rusticola;No
PT;A155;Scolopax rusticola;Yes
FR;A156;Limosa limosa;No
FR;A156;Limosa limosa;No
FR;A157;Limosa lapponica;Yes
FR;A157;Limosa lapponica;Yes
DK;A157;Limosa lapponica;No
UK;A157;Limosa lapponica;No
FR;A158;Numenius phaeopus;Yes
GIB;A158;Numenius phaeopus;No
UK;A158;Numenius phaeopus;No
UK;A158;Numenius phaeopus;No
FR;A161;Tringa erythropus;Yes
FR;A162;Tringa totanus;Yes
IT;A162;Tringa totanus;No
DK;A162;Tringa totanus;No
UK;A162;Tringa totanus;No
UK;A162;Tringa totanus;No
FR;A164;Tringa nebularia;Yes
DK;A164;Tringa nebularia;No
SE;A179;Larus ridibundus;No
SK;A179;Larus ridibundus;No
AT;A179;Larus ridibundus;No
BE;A179;Larus ridibundus;No
BE;A179;Larus ridibundus;No
DE;A179;Larus ridibundus;Yes
DK;A179;Larus ridibundus;No
EE;A179;Larus ridibundus;Yes
ES;A179;Larus ridibundus;Yes
HU;A179;Larus ridibundus;No
FI;A182;Larus canus;No
SE;A182;Larus canus;Yes
DE;A182;Larus canus;Yes
DK;A182;Larus canus;No
EE;A182;Larus canus;Yes
FI;A187;Larus marinus;Yes
SE;A187;Larus marinus;Yes
DE;A187;Larus marinus;Yes
DK;A187;Larus marinus;No
EE;A187;Larus marinus;Yes
GR;A206;Columba livia;Yes
FR;A206;Columba livia;Yes
HR;A206;Columba livia;Yes
IE;A206;Columba livia;No
IT;A206;Columba livia;No
PT;A206;Columba livia;No
ES;A206;Columba livia;No
UK;A206;Columba livia;No
PT;A206;Columba livia;No
PT;A206;Columba livia;No
SI;A206;Columba livia;No
BG;A206;Columba livia;No
CY;A206;Columba livia;Yes
ES;A206;Columba livia;Yes
GR;A206-X;Columba livia;No
FI;A206-X;Columba livia;Yes
FR;A206-X;Columba livia;Yes
HR;A206-X;Columba livia;No
IE;A206-X;Columba livia;No
IT;A206-X;Columba livia;No
RO;A206-X;Columba livia;No
EE;A206-X;Columba livia;Yes
ES;A206-X;Columba livia;No
ES;A206-X;Columba livia;No
SK;A206-X;Columba livia;No
UK;A206-X;Columba livia;No
HU;A206-X;Columba livia;No
AT;A206-X;Columba livia;Yes
BE;A206-X;Columba livia;No
BG;A206-X;Columba livia;No
CY;A206-X;Columba livia;No
CZ;A206-X;Columba livia;No
DK;A206-X;Columba livia;No
SE;A206-X;Columba livia;Yes
PL;A206-X;Columba livia;No
PT;A206-X;Columba livia;Yes
PT;A206-X;Columba livia;No
GIB;A206-X;Columba livia;No
SI;A206-X;Columba livia;No
LT;A206-X;Columba livia;No
LU;A206-X;Columba livia;No
LV;A206-X;Columba livia;Yes
MT;A206-X;Columba livia;Yes
NL;A206-X;Columba livia;No
PT;A206-X;Columba livia;Yes
GR;A207;Columba oenas;No
FR;A207;Columba oenas;Yes
PT;A207;Columba oenas;Yes
CY;A207;Columba oenas;Yes
ES;A207;Columba oenas;Yes
RO;A207;Columba oenas;Yes
FR;A209;Streptopelia decaocto;Yes
AT;A209;Streptopelia decaocto;Yes
BG;A209;Streptopelia decaocto;Yes
CY;A209;Streptopelia decaocto;Yes
HU;A209;Streptopelia decaocto;Yes
RO;A209;Streptopelia decaocto;Yes
CZ;A209;Streptopelia decaocto;Yes
DE;A209;Streptopelia decaocto;Yes
DK;A209;Streptopelia decaocto;No
SK;A209;Streptopelia decaocto;Yes
GR;A210;Streptopelia turtur;Yes
FR;A210;Streptopelia turtur;Yes
IT;A210;Streptopelia turtur;Yes
MT;A210;Streptopelia turtur;Yes
PT;A210;Streptopelia turtur;Yes
ES;A210;Streptopelia turtur;Yes
RO;A210;Streptopelia turtur;Yes
AT;A210;Streptopelia turtur;Yes
BG;A210;Streptopelia turtur;Yes
CY;A210;Streptopelia turtur;Yes
ES;A210;Streptopelia turtur;Yes
GR;A247;Alauda arvensis;Yes
FR;A247;Alauda arvensis;Yes
IT;A247;Alauda arvensis;Yes
MT;A247;Alauda arvensis;Yes
CY;A247;Alauda arvensis;Yes
RO;A247;Alauda arvensis;Yes
GR;A283;Turdus merula;Yes
FR;A283;Turdus merula;Yes
IT;A283;Turdus merula;Yes
MT;A283;Turdus merula;Yes
PT;A283;Turdus merula;No
SE;A283;Turdus merula;No
PT;A283;Turdus merula;No
PT;A283;Turdus merula;No
CY;A283;Turdus merula;Yes
GR;A284;Turdus pilaris;Yes
FI;A284;Turdus pilaris;Yes
FR;A284;Turdus pilaris;Yes
IT;A284;Turdus pilaris;Yes
MT;A284;Turdus pilaris;Yes
PT;A284;Turdus pilaris;Yes
SE;A284;Turdus pilaris;Yes
AT;A284;Turdus pilaris;No
CY;A284;Turdus pilaris;Yes
EE;A284;Turdus pilaris;Yes
ES;A284;Turdus pilaris;Yes
RO;A284;Turdus pilaris;Yes
GR;A285;Turdus philomelos;Yes
FR;A285;Turdus philomelos;Yes
IT;A285;Turdus philomelos;Yes
MT;A285;Turdus philomelos;Yes
PT;A285;Turdus philomelos;Yes
CY;A285;Turdus philomelos;Yes
ES;A285;Turdus philomelos;Yes
RO;A285;Turdus philomelos;Yes
GR;A286;Turdus iliacus;Yes
FR;A286;Turdus iliacus;Yes
IT;A286;Turdus iliacus;Yes
MT;A286;Turdus iliacus;Yes
PT;A286;Turdus iliacus;Yes
CY;A286;Turdus iliacus;Yes
ES;A286;Turdus iliacus;Yes
RO;A286;Turdus iliacus;Yes
GR;A287;Turdus viscivorus;Yes
FR;A287;Turdus viscivorus;Yes
MT;A287;Turdus viscivorus;Yes
PT;A287;Turdus viscivorus;Yes
CY;A287;Turdus viscivorus;Yes
ES;A287;Turdus viscivorus;Yes
RO;A287;Turdus viscivorus;Yes
FR;A342;Garrulus glandarius;Yes
HR;A342;Garrulus glandarius;Yes
IT;A342;Garrulus glandarius;Yes
LU;A342;Garrulus glandarius;No
NL;A342;Garrulus glandarius;No
PT;A342;Garrulus glandarius;No
UK;A342;Garrulus glandarius;No
HU;A342;Garrulus glandarius;Yes
RO;A342;Garrulus glandarius;Yes
SE;A342;Garrulus glandarius;Yes
SI;A342;Garrulus glandarius;Yes
SK;A342;Garrulus glandarius;Yes
BE;A342;Garrulus glandarius;Yes
DE;A342;Garrulus glandarius;Yes
DK;A342;Garrulus glandarius;No
GR;A343;Pica pica;Yes
FI;A343;Pica pica;Yes
FR;A343;Pica pica;Yes
HR;A343;Pica pica;Yes
IT;A343;Pica pica;Yes
LU;A343;Pica pica;No
ES;A343;Pica pica;Yes
UK;A343;Pica pica;No
HU;A343;Pica pica;Yes
RO;A343;Pica pica;Yes
BE;A343;Pica pica;Yes
BG;A343;Pica pica;Yes
CY;A343;Pica pica;Yes
CZ;A343;Pica pica;Yes
DE;A343;Pica pica;Yes
DK;A343;Pica pica;No
LV;A343;Pica pica;Yes
NL;A343;Pica pica;No
PT;A343;Pica pica;Yes
SE;A343;Pica pica;Yes
SI;A343;Pica pica;Yes
SK;A343;Pica pica;Yes
GR;A347;Corvus monedula;Yes
FI;A347;Corvus monedula;Yes
HR;A347;Corvus monedula;Yes
NL;A347;Corvus monedula;No
SE;A347;Corvus monedula;Yes
BG;A347;Corvus monedula;Yes
CY;A347;Corvus monedula;Yes
ES;A347;Corvus monedula;Yes
UK;A347;Corvus monedula;No
RO;A347;Corvus monedula;Yes
FR;A348;Corvus frugilegus;Yes
HR;A348;Corvus frugilegus;Yes
LT;A348;Corvus frugilegus;Yes
SE;A348;Corvus frugilegus;Yes
BG;A348;Corvus frugilegus;Yes
EE;A348;Corvus frugilegus;Yes
SK;A348;Corvus frugilegus;Yes
UK;A348;Corvus frugilegus;No
HU;A348;Corvus frugilegus;No
RO;A348;Corvus frugilegus;Yes
GR;A349;Corvus corone;No
FI;A349;Corvus corone;Yes
FR;A349;Corvus corone;Yes
HR;A349;Corvus corone;Yes
IT;A349;Corvus corone;Yes
LT;A349;Corvus corone;Yes
EE;A349;Corvus corone;Yes
ES;A349;Corvus corone;Yes
SK;A349;Corvus corone;Yes
UK;A349;Corvus corone;No
HU;A349;Corvus corone;Yes
RO;A349;Corvus corone;Yes
BE;A349;Corvus corone;Yes
BG;A349;Corvus corone;Yes
CY;A349;Corvus corone;Yes
CZ;A349;Corvus corone;Yes
DE;A349;Corvus corone;Yes
DK;A349;Corvus corone;No
LU;A349;Corvus corone;No
LV;A349;Corvus corone;Yes
NL;A349;Corvus corone;No
PT;A349;Corvus corone;Yes
SE;A349;Corvus corone;Yes
SI;A349;Corvus corone;Yes
GR;A351;Sturnus vulgaris;Yes
FR;A351;Sturnus vulgaris;Yes
MT;A351;Sturnus vulgaris;Yes
PT;A351;Sturnus vulgaris;No
BG;A351;Sturnus vulgaris;No
CY;A351;Sturnus vulgaris;No
ES;A351;Sturnus vulgaris;Yes
ES;A351;Sturnus vulgaris;No
HU;A351;Sturnus vulgaris;No
RO;A351;Sturnus vulgaris;Yes
GR;A394;Anser albifrons albifrons;Yes
LT;A394;Anser albifrons albifrons;Yes
LV;A394;Anser albifrons albifrons;Yes
NL;A394;Anser albifrons albifrons;No
SE;A394;Anser albifrons albifrons;Yes
PL;A394;Anser albifrons albifrons;Yes
EE;A394;Anser albifrons albifrons;Yes
SK;A394;Anser albifrons albifrons;Yes
UK;A394;Anser albifrons albifrons;Yes
HU;A394;Anser albifrons albifrons;Yes
RO;A394;Anser albifrons albifrons;Yes
BE;A394;Anser albifrons albifrons;No
BG;A394;Anser albifrons albifrons;Yes
CY;A394;Anser albifrons albifrons;Yes
CZ;A394;Anser albifrons albifrons;Yes
DE;A394;Anser albifrons albifrons;Yes
DK;A394;Anser albifrons albifrons;Yes
IE;A395;Anser albifrons flavirostris;No
UK;A395;Anser albifrons flavirostris;Yes
GR;A411;Alectoris chukar;Yes
BG;A411;Alectoris chukar;Yes
CY;A411;Alectoris chukar;Yes
HR;A411-X;Alectoris chukar;Yes
IT;A413;Alectoris graeca whitakeri;Yes
IT;A414;Perdix perdix italica;No
FR;A415;Perdix perdix hispaniensis;Yes
ES;A415;Perdix perdix hispaniensis;Yes
PT;A421;Columba palumbus azorica;No
HU;A459;Larus cachinnans;No
AT;A460-X;Meleagris gallopavo;Yes
CZ;A460-X;Meleagris gallopavo;No
DE;A460-X;Meleagris gallopavo;Yes
FI;A461;Lagopus lagopus lagopus;Yes
SE;A461;Lagopus lagopus lagopus;Yes
IE;A463;Lagopus lagopus hibernica;Yes
UK;A463;Lagopus lagopus hibernica;Yes
DE;A489;Larus fuscus all others;Yes
DK;A489;Larus fuscus all others;No
ES;A604;Larus michahellis;No
ES;A604;Larus michahellis;No
ES;A604;Larus michahellis;No
ES;A604;Larus michahellis;No
HU;A604;Larus michahellis;No
FR;A614-A;Limosa limosa limosa;No
DK;A614-A;Limosa limosa limosa;No
GR;A644;Perdix perdix all others;No
FI;A644;Perdix perdix all others;Yes
FR;A644;Perdix perdix all others;Yes
HR;A644;Perdix perdix all others;Yes
UK;A644;Perdix perdix all others;Yes
HU;A644;Perdix perdix all others;Yes
RO;A644;Perdix perdix all others;Yes
CZ;A644;Perdix perdix all others;No
DE;A644;Perdix perdix all others;Yes
DK;A644;Perdix perdix all others;No
EE;A644;Perdix perdix all others;Yes
SK;A644;Perdix perdix all others;Yes
SI;A644;Perdix perdix all others;Yes
AT;A644;Perdix perdix all others;Yes
BE;A644;Perdix perdix all others;Yes
BG;A644;Perdix perdix all others;Yes
NL;A644;Perdix perdix all others;No
SE;A644;Perdix perdix all others;Yes
PL;A644;Perdix perdix all others;Yes
IE;A644;Perdix perdix all others;No
IT;A644;Perdix perdix all others;Yes
LT;A644;Perdix perdix all others;No
LU;A644;Perdix perdix all others;No
LV;A644;Perdix perdix all others;No
FI;A659;Tetrao urogallus all others;Yes
FR;A659;Tetrao urogallus all others;No
IT;A659;Tetrao urogallus all others;No
LV;A659;Tetrao urogallus all others;Yes
SE;A659;Tetrao urogallus all others;Yes
AT;A659;Tetrao urogallus all others;No
BG;A659;Tetrao urogallus all others;Yes
DE;A659;Tetrao urogallus all others;No
UK;A659;Tetrao urogallus all others;No
RO;A659;Tetrao urogallus all others;Yes
FR;A661;Tetrao urogallus aquitanicus;Yes
DE;A674-B;Branta bernicla hrota;Yes
DK;A674-B;Branta bernicla hrota;No
DE;A675;Branta bernicla bernicla;Yes
DK;A675;Branta bernicla bernicla;No
GR;A687;Columba palumbus palumbus;Yes
FI;A687;Columba palumbus palumbus;Yes
FR;A687;Columba palumbus palumbus;Yes
HR;A687;Columba palumbus palumbus;Yes
IE;A687;Columba palumbus palumbus;No
IT;A687;Columba palumbus palumbus;Yes
SK;A687;Columba palumbus palumbus;Yes
UK;A687;Columba palumbus palumbus;No
HU;A687;Columba palumbus palumbus;Yes
RO;A687;Columba palumbus palumbus;Yes
CY;A687;Columba palumbus palumbus;Yes
CZ;A687;Columba palumbus palumbus;Yes
DE;A687;Columba palumbus palumbus;Yes
DK;A687;Columba palumbus palumbus;No
EE;A687;Columba palumbus palumbus;Yes
ES;A687;Columba palumbus palumbus;Yes
SE;A687;Columba palumbus palumbus;Yes
PL;A687;Columba palumbus palumbus;Yes
SI;A687;Columba palumbus palumbus;No
AT;A687;Columba palumbus palumbus;Yes
BE;A687;Columba palumbus palumbus;Yes
BG;A687;Columba palumbus palumbus;Yes
LT;A687;Columba palumbus palumbus;Yes
LU;A687;Columba palumbus palumbus;Yes
LV;A687;Columba palumbus palumbus;Yes
MT;A687;Columba palumbus palumbus;Yes
NL;A687;Columba palumbus palumbus;No
PT;A687;Columba palumbus palumbus;Yes
FI;A701;Anser fabalis fabalis;Yes
UK;A701;Anser fabalis fabalis;No
DK;A701;Anser fabalis fabalis;Yes
EE;A701;Anser fabalis fabalis;Yes
DE;A701;Anser fabalis fabalis;Yes
BE;A701;Anser fabalis fabalis;No
SE;A701;Anser fabalis fabalis;Yes
PL;A701;Anser fabalis fabalis;Yes
LV;A701;Anser fabalis fabalis;Yes
NL;A701;Anser fabalis fabalis;No
LT;A701;Anser fabalis fabalis;No
GR;A702;Anser fabalis rossicus;No
FI;A702;Anser fabalis rossicus;No
FR;A702;Anser fabalis rossicus;Yes
HU;A702;Anser fabalis rossicus;Yes
RO;A702;Anser fabalis rossicus;No
DE;A702;Anser fabalis rossicus;Yes
DK;A702;Anser fabalis rossicus;Yes
EE;A702;Anser fabalis rossicus;No
SK;A702;Anser fabalis rossicus;Yes
UK;A702;Anser fabalis rossicus;No
AT;A702;Anser fabalis rossicus;No
BE;A702;Anser fabalis rossicus;No
BG;A702;Anser fabalis rossicus;No
CZ;A702;Anser fabalis rossicus;Yes
LV;A702;Anser fabalis rossicus;Yes
NL;A702;Anser fabalis rossicus;No
SE;A702;Anser fabalis rossicus;Yes
PL;A702;Anser fabalis rossicus;Yes
SI;A702;Anser fabalis rossicus;No
HR;A702;Anser fabalis rossicus;Yes
HR;A702;Anser fabalis rossicus;Yes
IT;A702;Anser fabalis rossicus;No
LT;A702;Anser fabalis rossicus;Yes
LU;A702;Anser fabalis rossicus;No
UK;A711;Lagopus lagopus scotica;Yes
FR;A712;Lagopus muta pyrenaica;Yes
ES;A712;Lagopus muta pyrenaica;No
FR;A713;Lagopus muta helvetica;Yes
IT;A713;Lagopus muta helvetica;Yes
SI;A713;Lagopus muta helvetica;No
AT;A713;Lagopus muta helvetica;Yes
DE;A713;Lagopus muta helvetica;No
CY;A716;Francolinus francolinus francolinus;Yes
FR;A768;Numenius arquata arquata;Yes
IE;A768;Numenius arquata arquata;No
IE;A768;Numenius arquata arquata;No
DK;A768;Numenius arquata arquata;No
DK;A768;Numenius arquata arquata;No
UK;A768;Numenius arquata arquata;No
UK;A768;Numenius arquata arquata;No
GR;A855;Mareca penelope;Yes
FI;A855;Mareca penelope;Yes
FR;A855;Mareca penelope;Yes
HR;A855;Mareca penelope;No
HR;A855;Mareca penelope;No
IE;A855;Mareca penelope;Yes
UK;A855;Mareca penelope;No
UK;A855;Mareca penelope;Yes
HU;A855;Mareca penelope;No
RO;A855;Mareca penelope;Yes
CZ;A855;Mareca penelope;No
CZ;A855;Mareca penelope;No
DE;A855;Mareca penelope;Yes
DK;A855;Mareca penelope;Yes
EE;A855;Mareca penelope;Yes
ES;A855;Mareca penelope;Yes
SI;A855;Mareca penelope;No
SK;A855;Mareca penelope;No
AT;A855;Mareca penelope;Yes
BE;A855;Mareca penelope;Yes
BG;A855;Mareca penelope;Yes
CY;A855;Mareca penelope;Yes
PT;A855;Mareca penelope;Yes
SE;A855;Mareca penelope;Yes
PL;A855;Mareca penelope;No
PL;A855;Mareca penelope;No
PL;A855;Mareca penelope;No
PT;A855;Mareca penelope;Yes
IT;A855;Mareca penelope;Yes
LT;A855;Mareca penelope;No
LV;A855;Mareca penelope;Yes
MT;A855;Mareca penelope;Yes
NL;A855;Mareca penelope;No
NL;A855;Mareca penelope;No
GR;A856;Spatula querquedula;Yes
FI;A856;Spatula querquedula;Yes
FR;A856;Spatula querquedula;Yes
HR;A856;Spatula querquedula;Yes
HR;A856;Spatula querquedula;Yes
IE;A856;Spatula querquedula;No
ES;A856;Spatula querquedula;Yes
UK;A856;Spatula querquedula;No
HU;A856;Spatula querquedula;No
RO;A856;Spatula querquedula;Yes
BG;A856;Spatula querquedula;Yes
CY;A856;Spatula querquedula;Yes
CZ;A856;Spatula querquedula;No
DE;A856;Spatula querquedula;No
DK;A856;Spatula querquedula;No
EE;A856;Spatula querquedula;Yes
SE;A856;Spatula querquedula;No
PL;A856;Spatula querquedula;No
SI;A856;Spatula querquedula;No
SK;A856;Spatula querquedula;No
AT;A856;Spatula querquedula;Yes
BE;A856;Spatula querquedula;No
IT;A856;Spatula querquedula;Yes
LT;A856;Spatula querquedula;Yes
LU;A856;Spatula querquedula;No
LV;A856;Spatula querquedula;Yes
MT;A856;Spatula querquedula;Yes
NL;A856;Spatula querquedula;No
GR;A857;Spatula clypeata;Yes
FI;A857;Spatula clypeata;Yes
FR;A857;Spatula clypeata;Yes
HR;A857;Spatula clypeata;No
HR;A857;Spatula clypeata;No
UK;A857;Spatula clypeata;No
UK;A857;Spatula clypeata;Yes
HU;A857;Spatula clypeata;No
HU;A857;Spatula clypeata;No
RO;A857;Spatula clypeata;Yes
DK;A857;Spatula clypeata;No
EE;A857;Spatula clypeata;Yes
ES;A857;Spatula clypeata;Yes
ES;A857;Spatula clypeata;Yes
BG;A857;Spatula clypeata;No
CY;A857;Spatula clypeata;Yes
CZ;A857;Spatula clypeata;No
CZ;A857;Spatula clypeata;No
DE;A857;Spatula clypeata;No
BE;A857;Spatula clypeata;No
BE;A857;Spatula clypeata;No
BE;A857;Spatula clypeata;No
BG;A857;Spatula clypeata;No
BG;A857;Spatula clypeata;No
PL;A857;Spatula clypeata;No
PT;A857;Spatula clypeata;No
SI;A857;Spatula clypeata;No
SI;A857;Spatula clypeata;No
SK;A857;Spatula clypeata;No
AT;A857;Spatula clypeata;Yes
PT;A857;Spatula clypeata;Yes
SE;A857;Spatula clypeata;No
SE;A857;Spatula clypeata;No
PL;A857;Spatula clypeata;No
MT;A857;Spatula clypeata;Yes
NL;A857;Spatula clypeata;No
NL;A857;Spatula clypeata;No
NL;A857;Spatula clypeata;No
IE;A857;Spatula clypeata;Yes
IT;A857;Spatula clypeata;Yes
LT;A857;Spatula clypeata;No
LT;A857;Spatula clypeata;No
LV;A857;Spatula clypeata;Yes
FR;A861;Calidris pugnax;Yes
IT;A861;Calidris pugnax;No
MT;A861;Calidris pugnax;Yes
FI;A876;Lyrurus tetrix tetrix;Yes
FR;A876;Lyrurus tetrix tetrix;Yes
IT;A876;Lyrurus tetrix tetrix;Yes
LV;A876;Lyrurus tetrix tetrix;Yes
SE;A876;Lyrurus tetrix tetrix;Yes
AT;A876;Lyrurus tetrix tetrix;No
BE;A876;Lyrurus tetrix tetrix;No
DE;A876;Lyrurus tetrix tetrix;No
UK;A877;Lyrurus tetrix britannicus;Yes
GR;A878;Alectoris graeca all others;Yes
FR;A878;Alectoris graeca all others;Yes
HR;A878;Alectoris graeca all others;Yes
DE;A878;Alectoris graeca all others;No
AT;A878;Alectoris graeca all others;No
BG;A878;Alectoris graeca all others;Yes
SI;A878;Alectoris graeca all others;No
IT;A878;Alectoris graeca all others;Yes
GR;A889;Mareca strepera;No
GR;A889;Mareca strepera;No
FI;A889;Mareca strepera;No
FR;A889;Mareca strepera;Yes
HR;A889;Mareca strepera;No
HR;A889;Mareca strepera;No
SK;A889;Mareca strepera;No
UK;A889;Mareca strepera;Yes
UK;A889;Mareca strepera;No
HU;A889;Mareca strepera;No
HU;A889;Mareca strepera;No
RO;A889;Mareca strepera;Yes
CZ;A889;Mareca strepera;No
DE;A889;Mareca strepera;Yes
DK;A889;Mareca strepera;No
EE;A889;Mareca strepera;Yes
ES;A889;Mareca strepera;Yes
ES;A889;Mareca strepera;Yes
BE;A889;Mareca strepera;No
BG;A889;Mareca strepera;No
BG;A889;Mareca strepera;No
BG;A889;Mareca strepera;No
CY;A889;Mareca strepera;Yes
CZ;A889;Mareca strepera;No
PL;A889;Mareca strepera;No
SI;A889;Mareca strepera;No
SI;A889;Mareca strepera;No
AT;A889;Mareca strepera;Yes
BE;A889;Mareca strepera;No
BE;A889;Mareca strepera;No
LV;A889;Mareca strepera;Yes
NL;A889;Mareca strepera;No
NL;A889;Mareca strepera;No
PT;A889;Mareca strepera;Yes
SE;A889;Mareca strepera;No
PL;A889;Mareca strepera;No
HR;A889;Mareca strepera;No
IE;A889;Mareca strepera;Yes
IT;A889;Mareca strepera;Yes
LT;A889;Mareca strepera;No
LT;A889;Mareca strepera;No
LU;A889;Mareca strepera;No
FI;A890;Larus argentatus argentatus;Yes
LV;A890;Larus argentatus argentatus;No
SE;A890;Larus argentatus argentatus;Yes
BE;A890;Larus argentatus argentatus;No
DE;A890;Larus argentatus argentatus;Yes
DK;A890;Larus argentatus argentatus;No
EE;A890;Larus argentatus argentatus;Yes
FI;A891;Lagopus muta all others;No
SE;A891;Lagopus muta all others;Yes
UK;A891;Lagopus muta all others;Yes
BE;A895;Larus argentatus argenteus;No
BE;A895;Larus argentatus argenteus;No
DE;A895;Larus argentatus argenteus;No
FI;A900;Melanitta nigra s. str.;No
FI;A900;Melanitta nigra s. str.;No
FI;A900;Melanitta nigra s. str.;No
FR;A900;Melanitta nigra s. str.;Yes
FR;A900;Melanitta nigra s. str.;Yes
DK;A900;Melanitta nigra s. str.;Yes
EE;A900;Melanitta nigra s. str.;Yes
UK;A900;Melanitta nigra s. str.;No
UK;A900;Melanitta nigra s. str.;No
IE;A900;Melanitta nigra s. str.;No
IE;A900;Melanitta nigra s. str.;No
LV;A900;Melanitta nigra s. str.;Yes
SE;A900;Melanitta nigra s. str.;Yes
GIB;A900;Melanitta nigra s. str.;No
DE;A900;Melanitta nigra s. str.;Yes